Unique Identifier,Class Label,Vessel Name,Column 4,Column 5,Column 6,Column 7,Column 8,Column 9,Column 10,Maintenance Details,Column 12,Column 13,Column 14,Column 15,Column 16,Column 17,Column 18,Column 19,Column 20,Column 21,Column 22,Column 23,Column 24,Column 25,Column 26,Column 27,Column 28,Column 29,Column 30,Column 31,Column 32,Column 33,Column 34,Column 35,Column 36,Column 37,Column 38,Column 39,Column 40,Column 41,Column 42,Additional Maintenance Details,Column 44,Column 45,Column 46,Column 47,Column 48,Column 49,Column 50,Column 51,Column 52,Column 53,Column 54,Column 55,Column 56,Column 57,Column 58,Column 59,Column 60,Column 61,Column 62,Column 63,Column 64,Column 65,Column 66,Column 67,Column 68,Column 69,Column 70,Column 71,Column 72
Tanker 1_1,1,Tanker 1,0.634363803,0.793734893,0.626870657,0.473405362,0.578855138,0.983417998,0.955590428,Valve is broken,0.369155074,0.835703502,0.510869775,0.08177934,0.064091548,0.789333856,0.426136247,0.256542776,0.01645773,0.218931541,0.464051881,0.973964004,0.959095251,0.511702871,0.501470215,0.429732927,0.931034748,0.66690604,0.058411735,0.16512187,0.317801623,0.494189982,0.655136354,0.146119744,0.069991935,0.315869742,0.143040422,0.391056289,0.270176972,0.282263289,0.054071117,Valve is broken,0.622835962,0.437412213,0.009981823,0.67161869,0.614123387,0.464444835,0.725883755,0.48355763,0.532559469,0.245304184,0.915992334,0.114623119,0.672197766,0.96368122,0.873570241,0.506394107,0.585884995,0.27389873,0.914268734,0.19971404,0.415908728,0.566617835,0.026361499,0.134022366,0.811692204,0.789966991,0.190926181,0.19814931,0.568896054
Tanker 1_2,1,Tanker 1,0.197212293,0.680024827,0.654607542,0.686710936,0.342472424,0.275625406,0.057969685,Pump needs repair,0.013392758,0.458684322,0.61121769,0.60083661,0.413577296,0.442640298,0.361481406,0.69065845,0.837638837,0.632501707,0.331683377,0.309777344,0.146994931,0.509423343,0.132096113,0.972352254,0.105322081,0.975448343,0.450255287,0.021346342,0.565465403,0.153077299,0.506034318,0.715807153,0.902664553,0.341954035,0.253830768,0.22102973,0.513539649,0.593917354,0.294106031,Pump needs repair,0.285257854,0.986451939,0.294150093,0.402204077,0.330428506,0.195326324,0.779286763,0.166962721,0.055619523,0.902501554,0.057867853,0.622593725,0.370837883,0.350048215,0.3898448,0.095948659,0.396236259,0.502395689,0.150772993,0.09997185,0.061036412,0.407418881,0.763009057,0.434344563,0.345485896,0.817434752,0.954077476,0.699515444,0.006778434
Tanker 1_3,1,Tanker 1,0.844355858,0.41698967,0.59884548,0.07714697,0.994896204,0.930176439,0.750587471,Solenoid needs inspection as they need to be fixed,0.781114956,0.898083854,0.141147225,0.414769803,0.153874406,0.25035619,0.32023706,0.877004139,0.489393093,0.897819312,0.285442247,0.705565181,0.286612159,0.56374053,0.066677471,0.476899651,0.085583369,0.428324704,0.470364757,0.272442819,0.321530495,0.325523387,0.300787889,0.096344262,0.398187465,0.382507627,0.274180642,0.885333921,0.649534457,0.533608776,0.71918273,Solenoid needs inspection as they need to be fixed,0.103634908,0.249777182,0.184150599,0.104992216,0.822032111,0.589617197,0.046854232,0.085071352,0.218369867,0.498523205,0.20955947,0.059228779,0.129137433,0.22447004,0.790320796,0.829808067,0.373656811,0.832899306,0.904765189,0.012574565,0.882482996,0.463352346,0.010865722,0.705036553,0.660773318,0.385256593,0.220605288,0.163139368,0.853220285
Tanker 1_4,1,Tanker 1,0.711247923,0.45146834,0.91737486,0.938840778,0.949005421,0.493439208,0.607034279,"Door is locked, jammed. Repair needed.",0.214258908,0.816131854,0.753419382,0.670307104,0.017016329,0.223862783,0.889382788,0.114676547,0.538496412,0.335698124,0.408367434,0.953316384,0.965879467,0.856518825,0.111363761,0.675418069,0.818838962,0.293264503,0.426640108,0.285903543,0.907360103,0.386956051,0.950171462,0.639619797,0.344340577,0.5849978,0.587676249,0.244645399,0.516851034,0.979000359,0.753627969,"Door is locked, jammed. Repair needed.",0.359159889,0.872552709,0.618041269,0.265087942,0.308280674,0.264917923,0.613947799,0.088502978,0.402598387,0.438566562,0.397744119,0.483723401,0.086213863,0.40123466,0.40332963,0.963226743,0.599974118,0.523503386,0.737315183,0.512967879,0.763938674,0.046593382,0.178593907,0.18309147,0.484045086,0.234340213,0.389326575,0.962760535,0.204740065
Tanker 1_5,1,Tanker 1,0.04222266,0.717166021,0.626841109,0.261644759,0.908017987,0.837391933,0.00547061,Ladder Broken,0.974218943,0.165681552,0.060207308,0.109086671,0.649802494,0.854645876,0.240316075,0.327869433,0.129425807,0.380161824,0.499773564,0.983335365,0.94454257,0.088144342,0.213109507,0.603949573,0.413410949,0.449662598,0.934749975,0.418762187,0.196828707,0.621868622,0.13216972,0.657926917,0.598845766,0.506595914,0.123325102,0.87022453,0.150942398,0.071836245,0.303190378,Ladder Broken,0.450386377,0.09172485,0.843234983,0.918848898,0.985253648,0.134497097,0.811232795,0.85318475,0.40562211,0.435570778,0.710532302,0.340813129,0.181805531,0.49787619,0.026920562,0.465234744,0.752037144,0.571165972,0.825579359,0.489789803,0.537048941,0.495766428,0.699060086,0.7812211,0.336464467,0.156148438,0.545039569,0.005715485,0.419627298
Tanker 1_6,2,Tanker 1,0.896665354,0.383475,0.587068922,0.738368185,0.616511551,0.4592147,0.394667721,"Routine Inspection, all functions are in control",0.964688848,0.740083822,0.954996544,0.649317673,0.540838641,0.502683186,0.657397276,0.416739628,0.457567882,0.608746877,0.832959769,0.609051429,0.248792366,0.580459969,0.175449236,0.017441008,0.206392811,0.527594194,0.724125258,0.437322472,0.513172599,0.21787114,0.153131461,0.049404435,0.32770995,0.62173285,0.186675158,0.220977341,0.092598819,0.416267261,0.56000185,"Routine Inspection, all functions are in control",0.117466539,0.874742393,0.972722743,0.685228719,0.587407589,0.996727836,0.269639144,0.555695848,0.82942515,0.690790346,0.647873625,0.909328782,0.080440029,0.807724585,0.882280919,0.241938395,0.966293181,0.02400683,0.347245486,0.22231821,0.010324801,0.322196449,0.865032274,0.830727615,0.11808423,0.592452883,0.293412246,0.026047501,0.246656772
Tanker 1_7,1,Tanker 1,0.761462369,0.935882256,0.077728481,0.313190985,0.669498362,0.264277946,0.151281,"Engine has clogged pipes, leaks found also",0.893805221,0.77955212,0.030252933,0.906760873,0.637041026,0.622651705,0.14742255,0.321802133,0.197857628,0.847642733,0.185149926,0.690688349,0.860165516,0.595369694,0.802586488,0.653859217,0.609813013,0.626033621,0.883287418,0.941251625,0.000958206,0.581430939,0.817193556,0.77589414,0.892906344,0.502704535,0.826786299,0.648590951,0.582578529,0.35668781,0.702935023,"Engine has clogged pipes, leaks found also",0.755335729,0.532354446,0.693024067,0.487146934,0.676344103,0.836526307,0.260445755,0.283428414,0.351351751,0.866722005,0.689779438,0.743201436,0.792763316,0.134352642,0.819540562,0.381231543,0.029930374,0.88373154,0.583501517,0.774088386,0.942526194,0.985823993,0.648344471,0.46171811,0.246560742,0.773654921,0.942319752,0.624497404,0.140055302
Tanker 1_8,1,Tanker 1,0.295767818,0.55980018,0.031096126,0.679862872,0.835871962,0.55901788,0.651120899,"Engine performance is below normal, recommend complete replacement",0.469200579,0.175882292,0.105992763,0.687085099,0.377728208,0.241594472,0.202111469,0.387553877,0.782720565,0.667712768,0.615091024,0.81732402,0.373361731,0.072494383,0.95026984,0.422888138,0.047515101,0.003971977,0.966919493,0.161094896,0.312828705,0.837792783,0.809031164,0.142307213,0.065984577,0.973293994,0.894654762,0.43867283,0.005927878,0.915607532,0.918506182,"Engine performance is below normal, recommend complete replacement",0.049403332,0.616369584,0.983106674,0.543214481,0.971304963,0.967370986,0.572021353,0.51356246,0.519678827,0.136536364,0.095595529,0.689547043,0.597062612,0.411097618,0.382783003,0.529826875,0.700747067,0.601399075,0.773560499,0.774710101,0.619679438,0.901552996,0.974377144,0.860444227,0.818526893,0.827466081,0.820318173,0.385474563,0.234846558
Tanker 1_9,1,Tanker 1,0.180331373,0.477340857,0.211228603,0.104068801,0.944465633,0.497321617,0.903429918,"Devitt needs repair, corrosion found",0.465499861,0.215122603,0.274686963,0.587137878,0.71769338,0.637045488,0.250577761,0.277651605,0.115600516,0.846364791,0.564892567,0.914845738,0.194569266,0.372029257,0.234732519,0.354740073,0.833979122,0.951536,0.89559818,0.065781624,0.072004704,0.192057091,0.595824986,0.170260157,0.372134888,0.310322823,0.75064614,0.588562164,0.947311268,0.561369725,0.375345872,"Devitt needs repair, corrosion found",0.718758232,0.518431015,0.197901135,0.331367699,0.69452489,0.834518299,0.249829949,0.174252625,0.919242859,0.244951292,0.34854018,0.272551795,0.577040831,0.126089511,0.725253177,0.872262176,0.174376446,0.630001681,0.552335354,0.821376769,0.075299697,0.118523992,0.09269852,0.788489482,0.003403225,0.627985073,0.18336163,0.793671655,0.622191249
Tanker 1_10,1,Tanker 1,0.45944437,0.339599638,0.161578352,0.565199896,0.376119942,0.038000355,0.257581665,Crane found wear,0.547442573,0.773188749,0.888088466,0.999365752,0.03998096,0.978473125,0.998079152,0.905629507,0.983056741,0.953437818,0.843937836,0.434728431,0.233763501,0.252147381,0.382316004,0.697619763,0.185445217,0.816859109,0.219206856,0.467938198,0.178629398,0.356716548,0.214074238,0.241117131,0.640075739,0.344096554,0.717480561,0.880180965,0.341285666,0.1940097,0.710095117,Crane found wear,0.210222494,0.197337527,0.459533349,0.981647869,0.520812578,0.188211703,0.210877241,0.108008735,0.587181215,0.671370106,0.958680134,0.030545992,0.0911019,0.6850474,0.69444473,0.546352631,0.368612757,0.790251715,0.739393971,0.102121174,0.488140322,0.990709936,0.849553605,0.423021837,0.021553165,0.21153362,0.001650404,0.010000423,0.631720489
Tanker 1_11,1,Tanker 1,0.624925344,0.984738324,0.993203304,0.403335783,0.804986731,0.081017566,0.211454833,Pump valve not working,0.348649309,0.978710473,0.993074885,0.295632226,0.962376977,0.710294489,0.590455409,0.921943605,0.645852572,0.159835492,0.54457838,0.94323892,0.943098899,0.323896839,0.539026363,0.757677423,0.56448394,0.935349722,0.019439446,0.337207721,0.306860305,0.203887044,0.151045972,0.074320814,0.205740799,0.007582356,0.919058312,0.2049131,0.937719537,0.378304686,0.498136384,Pump valve not working,0.540674316,0.841566579,0.815701946,0.848276911,0.89346969,0.561075947,0.659001818,0.167557014,0.651494401,0.518127847,0.360585001,0.939330454,0.517962697,0.338473246,0.927838066,0.968547367,0.643541719,0.969119257,0.461705667,0.014458518,0.494076944,0.054840459,0.741788131,0.559890429,0.649234544,0.661007186,0.421187768,0.170802628,0.992438956
Tanker 2_12,1,Tanker 2,0.506488751,0.028294492,0.087371245,0.021157238,0.021521384,0.706293388,0.170741696,"Pump cylinder rusted, need to fix",0.876762765,0.327779495,0.496807619,0.369179179,0.839114933,0.193916808,0.921419388,0.02005813,0.192734554,0.61916826,0.155323714,0.96573676,0.546388998,0.468601125,0.433982228,0.270297285,0.696667398,0.916995342,0.187213851,0.663710132,0.84052395,0.576925239,0.475377985,0.652424838,0.971166168,0.060364499,0.77737381,0.049281814,0.670146217,0.469401617,0.381291344,"Pump cylinder rusted, need to fix",0.204251503,0.474495195,0.850139541,0.025961233,0.097159485,0.852670171,0.104600852,0.066507908,0.026406551,0.71456843,0.093953807,0.069311798,0.511141096,0.706885771,0.659632024,0.803263764,0.866465094,0.518689485,0.588804366,0.178733985,0.886626955,0.257913282,0.613228813,0.772836798,0.699770562,0.244201977,0.618507861,0.544503334,0.672095632
Tanker 2_13,1,Tanker 2,0.966030323,0.158997967,0.048928107,0.830910375,0.757356362,0.405596663,0.675888119,"Engine piston broken, high temperature exposure",0.677957539,0.54723958,0.704660481,0.644625013,0.199576884,0.757408977,0.545143995,0.659699135,0.32364364,0.755134875,0.969246455,0.231603168,0.486295585,0.26567804,0.388735681,0.057435954,0.2506998,0.619193883,0.505467846,0.328305865,0.082817706,0.843323604,0.092052644,0.959052891,0.841891428,0.092157131,0.366018404,0.68555275,0.908160449,0.233893458,0.848385985,"Engine piston broken, high temperature exposure",0.196768848,0.823672879,0.238746419,0.418792296,0.338336706,0.658416071,0.022664547,0.977507146,0.653746602,0.797337652,0.751154848,0.958278266,0.341963,0.583597314,0.452693963,0.901934297,0.436372165,0.531717249,0.904147663,0.259389207,0.349781028,0.538901245,0.661800948,0.894465008,0.828270474,0.225242874,0.556772724,0.35039061,0.533858735
Tanker 2_14,1,Tanker 2,0.982029856,0.812198209,0.945098966,0.40471229,0.128217031,0.852020282,0.113461621,Engine valves leaking,0.249625055,0.414808433,0.440029572,0.478035706,0.512826911,0.868218664,0.817847972,0.100355012,0.193303868,0.310120835,0.541420538,0.204047178,0.726039709,0.218732452,0.209656465,0.099933604,0.237970369,0.420197892,0.346233028,0.339727053,0.521768791,0.116955753,0.661305634,0.66068994,0.099116533,0.783656996,0.398007331,0.200673522,0.579970147,0.120621802,0.664341404,Engine valves leaking,0.055580642,0.74412724,0.338926738,0.354455215,0.425978756,0.410988054,0.575588245,0.791131613,0.022306853,0.975328334,0.033594286,0.365378979,0.160062491,0.188365628,0.666065218,0.2895084,0.569339573,0.062747166,0.355657579,0.66303432,0.687172067,0.880116525,0.72320829,0.474925692,0.819966008,0.027615498,0.569328397,0.50141336,0.174026185
Tanker 1_15,2,Tanker 1,0.298520458,0.748489161,0.624045275,0.905740711,0.626692371,0.533664783,0.346101934,Washroom lights off during routine nightly inspection,0.690628855,0.490603989,0.364678025,0.066428307,0.145715775,0.878768765,0.208485716,0.12365884,0.818238219,0.678148402,0.062671266,0.301741504,0.352798206,0.969815188,0.668528128,0.248177506,0.871418471,0.884849391,0.816329912,0.257953306,0.044828469,0.881382035,0.921691307,0.5129541,0.793844205,0.920886874,0.998398275,0.200608142,0.877279132,0.242756286,0.093038219,Washroom lights off during routine nightly inspection,0.557822327,0.025523981,0.261002703,0.881161061,0.502038186,0.886223354,0.127449987,0.160262819,0.02449988,0.707757163,0.397818726,0.547823749,0.536294335,0.160038411,0.418291394,0.054180011,0.588569208,0.967969945,0.309110952,0.39062992,0.433677126,0.171910281,0.530763133,0.379296611,0.775511084,0.192042742,0.116864519,0.375035888,0.723583777
Tanker 1_16,2,Tanker 1,0.821425309,0.158254796,0.453724732,0.367330968,0.434129504,0.178043546,0.544983351,Water in sink overflows. Temporary fix. Will have permanent solution at next dock,0.76782032,0.224995406,0.193212204,0.601600092,0.915604865,0.866751617,0.334528361,0.750820531,0.085614306,0.996666659,0.162840905,0.901787612,0.108942348,0.655685883,0.108353057,0.891020542,0.0317909,0.225404274,0.901717533,0.774417042,0.224606447,0.723740781,0.498187435,0.94794495,0.297593707,0.441795657,0.215182794,0.545447878,0.982662883,0.925167708,0.078385634,Water in sink overflows. Temporary fix. Will have permanent solution at next dock,0.919412589,0.817653435,0.186970039,0.862568369,0.571260521,0.141833207,0.222265787,0.154131591,0.981179242,0.155749243,0.17461625,0.346631235,0.433091809,0.029853669,0.259231382,0.595253959,0.977855508,0.639621024,0.425997289,0.483640337,0.728442655,0.091923733,0.855293507,0.275736708,0.562158647,0.783042851,0.098370323,0.938418446,0.277931066
Tanker 1_17,2,Tanker 1,0.0216373,0.221705911,0.216161911,0.810914137,0.383530244,0.981413261,0.541659711,Need drawings for routine inspection,0.39209148,0.103612497,0.72703493,0.610085405,0.593537831,0.831393547,0.625541053,0.318709503,0.897664068,0.568078434,0.894194914,0.391870605,0.982724953,0.624567747,0.7075298,0.382244369,0.543393815,0.244026909,0.096000049,0.123811674,0.131752814,0.744601949,0.980867171,0.675230164,0.804368889,0.768372788,0.255195962,0.475414031,0.160240571,0.319719568,0.275238035,Need drawings for routine inspection,0.356476444,0.733031251,0.685666388,0.453517315,0.774449649,0.159220874,0.819347568,0.754291558,0.257193181,0.001009954,0.50247273,0.995079395,0.961196613,0.563264554,0.287534657,0.417153733,0.775726321,0.408067072,0.723632148,0.854101857,0.295226734,0.054565655,0.027505836,0.591207689,0.651784465,0.198353577,0.652423155,0.925523737,0.047237648
Tanker 1_18,2,Tanker 1,0.874443862,0.330726749,0.191225165,0.860829729,0.550473474,0.123959125,0.293712635,Request for a electric test for annual review,0.698006396,0.838206625,0.035882755,0.452855076,0.238025302,0.383685638,0.529825122,0.577756751,0.191753887,0.976610917,0.524138627,0.270439507,0.899810127,0.851654066,0.543302168,0.830584656,0.451865419,0.35436452,0.816161628,0.793165287,0.019201162,0.818207616,0.598933011,0.138484664,0.86265659,0.354032078,0.401341077,0.641241499,0.17085068,0.573439806,0.936579644,Request for a electric test for annual review,0.030971997,0.974794893,0.937979514,0.117802045,0.364567634,0.423813109,0.337577811,0.284384459,0.409858958,0.174098741,0.015833438,0.398494983,0.464980139,0.357579982,0.6509055,0.432195855,0.931058682,0.887251238,0.218797224,0.971883824,0.556866294,0.090454911,0.810301426,0.590069805,0.149271009,0.57198232,0.835927366,0.63485628,0.845056519
Tanker 1_19,2,Tanker 1,0.842549624,0.620544742,0.431933289,0.912513312,0.349982867,0.160138447,0.37919419,Waiting for parts,0.532582809,0.515689826,0.467646327,0.199270249,0.276113872,0.784938026,0.25981383,0.426383506,0.58507886,0.29708346,0.095590881,0.228694598,0.067591331,0.993701899,0.136078239,0.243987049,0.493706522,0.172599518,0.357725182,0.265899342,0.725895595,0.524877496,0.886446356,0.215985454,0.577053935,0.526671666,0.188772692,0.526960079,0.214046201,0.782946341,0.716232182,Waiting for parts,0.323979895,0.324807007,0.817274339,0.309916193,0.873613775,0.549367012,0.762863691,0.923504323,0.026572758,0.389136848,0.292786443,0.255756285,0.165951944,0.332857528,0.190676795,0.529035704,0.435944571,0.477292456,0.786326302,0.894913337,0.805711834,0.201702211,0.080276215,0.771457845,0.43704483,0.89549371,0.627548095,0.100673993,0.1249937
Tanker 2_20,1,Tanker 2,0.374870842,0.812108275,0.41692813,0.00693413,0.771007745,0.087601133,0.035120118,Heater needs replacement,0.394369577,0.921267579,0.717211254,0.730294003,0.346942493,0.602929393,0.79327569,0.316126588,0.844979231,0.5623151,0.733179266,0.062009691,0.629720918,0.725714311,0.07306067,0.280242372,0.597174044,0.669953843,0.498298488,0.489973134,0.450464334,0.89091956,0.72070077,0.378156911,0.887822525,0.422943795,0.062179865,0.403170258,0.704865252,0.215012865,0.975143024,Heater needs replacement,0.382327629,0.750468599,0.888329679,0.366860717,0.397794105,0.071392697,0.813845558,0.707487552,0.800820953,0.925537195,0.1376743,0.271319254,0.009041197,0.551410414,0.632855037,0.930139962,0.600108159,0.254014912,0.375649464,0.372989519,0.801354197,0.462635355,0.430978087,0.052072065,0.925308839,0.927219264,0.824808231,0.47974151,0.097344896
Tanker 2_21,1,Tanker 2,0.799171013,0.80984412,0.418776706,0.759964385,0.274084349,0.622554209,0.325623794,Reweld dipstick from tank,0.062038634,0.445229896,0.406107857,0.259969798,0.504754504,0.838768878,0.450835508,0.124618652,0.01060361,0.394658165,0.980395238,0.962523186,0.062876982,0.014568278,0.779626429,0.28407498,0.312093234,0.224108562,0.973131346,0.454407562,0.942301731,0.942074115,0.611396119,0.953109075,0.943538613,0.017763773,0.33031428,0.94674902,0.213078909,0.291280353,0.62557405,Reweld dipstick from tank,0.488734103,0.42195613,0.827401967,0.858212282,0.223982398,0.070047061,0.21706239,0.466720823,0.779152405,0.776879898,0.39293419,0.958562946,0.994443666,0.328796042,0.398899907,0.446188559,0.473369258,0.492174452,0.184390426,0.159613452,0.225222817,0.706864879,0.684618793,0.780952521,0.050456196,0.121994084,0.042570202,0.937568173,0.431663747
Tanker 1_22,2,Tanker 1,0.065304517,0.037033601,0.264219978,0.687558467,0.178650433,0.628940516,0.489571402,shower clogging - temporarily relieved. Have to wait until next dock.,0.344334971,0.751000271,0.512053307,0.203411351,0.750008154,0.025576625,0.979460625,0.068876713,0.963480998,0.116852784,0.4034576,0.743483033,0.358490138,0.550639941,0.27778084,0.465822917,0.049171483,0.600399132,0.03815933,0.525675686,0.79820694,0.696958155,0.297342072,0.64707003,0.054453131,0.810068116,0.982456382,0.818677738,0.023989779,0.629041567,0.103015594,shower clogging - temporarily relieved. Have to wait until next dock.,0.16616966,0.886772004,0.004175876,0.94894953,0.086571257,0.455827888,0.039463697,0.105152915,0.785394642,0.006988057,0.045590446,0.890334871,0.492660518,0.886974532,0.48493693,0.330573981,0.305398047,0.834203132,0.09834804,0.976681896,0.892495926,0.077769203,0.123288687,0.063825222,0.45529824,0.7501908,0.15781134,0.318409409,0.848746066
Tanker 2_23,1,Tanker 2,0.246198293,0.466845984,0.12334294,0.273185738,0.816173073,0.485810428,0.872565243,valve leaking,0.056090927,0.486603914,0.243378812,0.960803422,0.748075145,0.733530661,0.520731195,0.486502053,0.985221293,0.691894143,0.127264931,0.041507551,0.744000558,0.820705419,0.659500172,0.011124271,0.412869953,0.372567557,0.78512766,0.554850755,0.563567291,0.323031596,0.094005783,0.694416213,0.780569621,0.044029499,0.590276371,0.9651518,0.233292934,0.245141367,0.815219652,valve leaking,0.555861825,0.305172469,0.104536363,0.400145522,0.444478923,0.741851314,0.758080241,0.509175768,0.524266628,0.906125532,0.442686658,0.50710431,0.14429793,0.899647407,0.058856463,0.368527321,0.320873879,0.972603134,0.370458928,0.070802288,0.411697084,0.770085548,0.076400283,0.283717272,0.040985919,0.812817607,0.398165247,0.737384009,0.48815421
Tanker 1_24,2,Tanker 1,0.35333223,0.199469957,0.62806889,0.843010718,0.590207357,0.866831117,0.86393952,gangway base cracking need to repair it,0.069468284,0.099021738,0.161223939,0.07772311,0.398115278,0.283350496,0.283182266,0.359220879,0.626093132,0.69209827,0.137662373,0.916113989,0.249435613,0.88124631,0.995173949,0.592832398,0.503119233,0.261856077,0.943579917,0.171477667,0.160505247,0.790530458,0.226770471,0.725016779,0.622044844,0.171213305,0.517988167,0.830723667,0.677585678,0.118254839,0.542876798,gangway base cracking need to repair it,0.205316642,0.602726767,0.838344401,0.608146433,0.888960795,0.459709977,0.846126663,0.851435666,0.216085617,0.73438164,0.030665023,0.579615624,0.712193572,0.856997324,0.812120794,0.257448982,0.527750926,0.882496129,0.115505874,0.223975217,0.997567594,0.302357284,0.301050367,0.319410946,0.753100568,0.019400057,0.988668066,0.494551552,0.345468714
Tanker 1_25,2,Tanker 1,0.5640371,0.421708353,0.725229776,0.663737077,0.26376385,0.108794654,0.629902622,routine maintenance of living spaces,0.273942222,0.864269924,0.177605512,0.006130246,0.446074286,0.13209719,0.776124533,0.775445742,0.210625609,0.146151977,0.505007484,0.619160816,0.248308351,0.955716582,0.871801762,0.398967574,0.070982913,0.056517052,0.874204954,0.466050901,0.308009035,0.649453283,0.931598112,0.777376544,0.751555414,0.481137649,0.951505623,0.812691406,0.437886335,0.310513745,0.885066053,routine maintenance of living spaces,0.432539005,0.909661781,0.796309876,0.946566397,0.341069731,0.240243875,0.33656411,0.884385905,0.073175071,0.730564113,0.369242424,0.297691862,0.579971229,0.432557957,0.540035771,0.279035005,0.02891839,0.610757407,0.343158347,0.212859325,0.533537162,0.815694445,0.144460089,0.374523825,0.984015123,0.503487837,0.644509771,0.753184913,0.78681863
Tanker 1_26,2,Tanker 1,0.570083149,0.697189484,0.815175706,0.160555079,0.850666248,0.128419644,0.850336803,crack behind ladder. Can wait until next dock.,0.2437899,0.307912964,0.207907709,0.193944483,0.648671569,0.844997478,0.331569041,0.772459549,0.213445567,0.913241584,0.850666485,0.140262075,0.0643825,0.349787569,0.128889464,0.62885175,0.557389258,0.764708689,0.304047458,0.866296622,0.958516625,0.786822445,0.412549269,0.142772429,0.310013538,0.512527034,0.620092191,0.231012382,0.671368221,0.909043791,0.157264517,crack behind ladder. Can wait until next dock.,0.186837102,0.699604842,0.61713203,0.922186352,0.642992997,0.412767348,0.288496978,0.150332525,0.780754381,0.562612012,0.622066013,0.451030548,0.586524812,0.298955079,0.941728725,0.922265345,0.58832421,0.074639942,0.148684548,0.09043363,0.990961333,0.805372597,0.595934357,0.120654627,0.399110569,0.600279625,0.278185949,0.419986797,0.141716059
Tanker 1_27,2,Tanker 1,0.637274427,0.967317653,0.57635082,0.38759788,0.71739585,0.29251874,0.665832414,suction pump install during planned maintenance.,0.221715155,0.401044681,0.181102992,0.664888565,0.186182994,0.914799695,0.646739501,0.954923499,0.568335616,0.885192818,0.580855624,0.537322297,0.570288458,0.243308899,0.423907296,0.695334476,0.128015654,0.664668247,0.006162724,0.365057647,0.336442998,0.369782264,0.159977326,0.497784179,0.620895167,0.287093985,0.3202008,0.082214546,0.714119451,0.547108976,0.399708805,suction pump install during planned maintenance.,0.730052572,0.464764295,0.474663832,0.767497075,0.169261061,0.532907573,0.71180247,0.246946667,0.990339174,0.701283922,0.370566826,0.348746712,0.381598619,0.57773158,0.092422503,0.391531611,0.652819302,0.04209908,0.210979431,0.483822231,0.894283403,0.438687056,0.35050549,0.856199841,0.026136372,0.305028145,0.927517881,0.340160192,0.688548693
Tanker 2_28,1,Tanker 2,0.518641507,0.119427061,0.025454742,0.731162937,0.694754952,0.361635361,0.305065427,Valve is cracked,0.942557123,0.242784913,0.268495826,0.833926433,0.211692256,0.542557854,0.605572606,0.865184693,0.462940987,0.96248219,0.804804457,0.836172025,0.339759495,0.298044964,0.254347004,0.072091714,0.060378279,0.552914553,0.702174297,0.155529954,0.059807893,0.993709124,0.513234436,0.869624262,0.995531302,0.561650994,0.058449734,0.871117126,0.118504284,0.802098567,0.066380746,Valve is cracked,0.321123874,0.312944146,0.708531925,0.250158066,0.596911929,0.240702292,0.441192239,0.099988264,0.702291944,0.8568283,0.994131058,0.556297392,0.537313576,0.257926132,0.975544412,0.107294323,0.990506565,0.704124756,0.794007365,0.066203786,0.343191768,0.953687339,0.159120238,0.857636812,0.11081069,0.174133159,0.353183298,0.147609492,0.151386149
Tanker 2_29,1,Tanker 2,0.577493669,0.505821464,0.098830655,0.388682629,0.856366069,0.727644057,0.250035949,Pump leaking,0.948017157,0.181000362,0.200724832,0.273377599,0.426096071,0.323973425,0.139654038,0.034939413,0.484540582,0.431566719,0.872336896,0.62361517,0.24593681,0.554508199,0.048006655,0.423509759,0.11035711,0.692846864,0.808525779,0.26149143,0.168463609,0.241035932,0.549294866,0.275437781,0.923533664,0.38023255,0.609048953,0.6142908,0.945650192,0.87825647,0.858408695,Pump leaking,0.042214977,0.777720799,0.667131325,0.161549965,0.5446833,0.646880901,0.396713235,0.139751339,0.349596299,0.972022299,0.767131688,0.359806972,0.280187185,0.855231116,0.523282287,0.722442857,0.446233152,0.415231722,0.753204092,0.768022745,0.486145189,0.932538546,0.284417444,0.481757906,0.884844456,0.512569442,0.179185146,0.448552998,0.318620979
Tanker 2_30,2,Tanker 2,0.264777097,0.427542307,0.644191979,0.066795504,0.241584219,0.880650372,0.391845221,Solenoid needs routine overhaul,0.857459806,0.892513077,0.632623898,0.6083145,0.760858549,0.089477078,0.715419623,0.947045664,0.962467542,0.261902011,0.520279715,0.081158257,0.824762006,0.131566908,0.330194395,0.976938092,0.324550417,0.867238366,0.842625102,0.323128752,0.203795685,0.186552946,0.977910505,0.686395469,0.34734541,0.811340437,0.48751501,0.536353004,0.676628546,0.073420602,0.956211078,Solenoid needs routine overhaul,0.876518968,0.445516028,0.620483632,0.853425605,0.278885635,0.915632542,0.800837482,0.814483182,0.620541351,0.383613832,0.811326151,0.767540488,0.453295409,0.093485385,0.639773321,0.525575003,0.575993347,0.327476281,0.105315126,0.396839892,0.919778285,0.080975751,0.18460202,0.142752407,0.13203185,0.369633889,0.235530474,0.298498269,0.367691955
Tanker 2_31,1,Tanker 2,0.537719896,0.462229991,0.61468263,0.918750058,0.805457093,0.854592385,0.291808584,door not closing properly,0.937964542,0.165925429,0.908035768,0.063307656,0.877377198,0.341817213,0.966666412,0.342079025,0.658664254,0.864092946,0.904761749,0.260920888,0.606522039,0.993631648,0.198646186,0.055796482,0.388256584,0.526218567,0.348435544,0.014802611,0.938361038,0.8036234,0.239955872,0.450769242,0.133720821,0.255089637,0.549278627,0.663928447,0.949468617,0.099643257,0.49185696,door not closing properly,0.383411697,0.42647341,0.298560442,0.11535483,0.275230145,0.402283706,0.196625499,0.29701902,0.79454816,0.954068671,0.987482741,0.82356542,0.456615411,0.043970896,0.51698449,0.289322208,0.225203926,0.35667599,0.929076261,0.961764565,0.051423516,0.936995262,0.915027529,0.766265439,0.886519282,0.740593534,0.438286384,0.903208378,0.691082819
Tanker 1_32,1,Tanker 1,0.247747278,0.184226656,0.725186141,0.300384786,0.57213018,0.060620437,0.018392125,Ladder base is cracked,0.672568346,0.703329687,0.421384367,0.75436631,0.705675271,0.364389379,0.991493078,0.517786404,0.465187484,0.992190414,0.18710222,0.61727525,0.752874453,0.078674632,0.111596274,0.500775603,0.838276287,0.248917808,0.715131085,0.708094217,0.746195733,0.38513683,0.295674871,0.600721775,0.786114054,0.539712668,0.859124536,0.543480622,0.44794005,0.944052073,0.633217605,Ladder base is cracked,0.089371603,0.32063709,0.15420761,0.286723712,0.149912728,0.373665739,0.574564345,0.030055601,0.498221443,0.122131405,0.640079019,0.977312201,0.471458729,0.173438377,0.493196401,0.763059367,0.590148405,0.928524921,0.314083151,0.027284676,0.996568836,0.050427911,0.232695292,0.768022745,0.602505578,0.168377742,0.043511519,0.335062852,0.022274771
Tanker 2_33,2,Tanker 2,0.043684575,0.097668079,0.171125362,0.294435249,0.269406972,0.496483021,0.705621624,"Routine Inspection of pump, normal",0.703896589,0.211362142,0.562673162,0.921226863,0.921108121,0.754939944,0.317281755,0.386467989,0.413756772,0.002933733,0.189881619,0.570384373,0.38250917,0.411744782,0.77185806,0.601498684,0.131325357,0.4768216,0.341648788,0.91416516,0.620796677,0.154909117,0.909438349,0.522681435,0.478629809,0.524591909,0.243295984,0.830690926,0.757743132,0.423573211,0.479437678,"Routine Inspection of pump, normal",0.741395193,0.67892718,0.640150004,0.698061502,0.202242951,0.800501218,0.659536391,0.303142929,0.645684361,0.03085258,0.684040584,0.967182543,0.11393313,0.973892993,0.303007915,0.171311763,0.561330385,0.933258938,0.087170519,0.591902213,0.54329431,0.839188818,0.065543609,0.623030254,0.988248933,0.115414714,0.234831707,0.822933867,0.263240139
Tanker 1_34,1,Tanker 1,0.366971443,0.857720071,0.497701588,0.678455405,0.922057025,0.798867727,0.355262814,piping in engine is clogged,0.871041201,0.918538527,0.92033201,0.100111859,0.352085669,0.577101777,0.968468816,0.216559743,0.946933971,0.393115116,0.886908712,0.551357508,0.785426597,0.128578408,0.519722971,0.313064282,0.534220098,0.293764192,0.151927143,0.046357283,0.658757413,0.1396954,0.654217735,0.59735573,0.984008623,0.624603843,0.62005545,0.83830412,0.667536565,0.739534903,0.85429657,piping in engine is clogged,0.769773415,0.771341606,0.873571788,0.819888193,0.538006866,0.419852399,0.351904096,0.097900029,0.275831574,0.208362871,0.699243268,0.621725279,0.778718718,0.091724852,0.770766551,0.78506977,0.249579521,0.446822287,0.20479197,0.585071605,0.167661183,0.902823665,0.805393416,0.799704466,0.64161546,0.592708325,0.086694563,0.502496012,0.359385245
Tanker 2_35,2,Tanker 2,0.216723426,0.974702287,0.832174338,0.677243702,0.07199763,0.144426376,0.27761591,Washroom lightbulbs were burnt out. Will have more bulbs at next port,0.277302545,0.241850325,0.19302787,0.532249497,0.121759441,0.325646778,0.056696401,0.286798365,0.433823117,0.079333889,0.713133505,0.050334462,0.582966486,0.28963821,0.92078544,0.062654121,0.788227626,0.813996657,0.738107329,0.474321776,0.546715404,0.87346672,0.28811064,0.4404913,0.315385259,0.278669104,0.923906644,0.815831824,0.841246495,0.207973341,0.749407989,Washroom lightbulbs were burnt out. Will have more bulbs at next port,0.292337997,0.339938093,0.218564887,0.458871434,0.897026833,0.577055115,0.771485524,0.483547911,0.384223941,0.632650973,0.668609961,0.766781394,0.80827448,0.180133352,0.022468084,0.882626509,0.549722513,0.187241855,0.962713214,0.568228923,0.234722219,0.950659126,0.783068698,0.633646477,0.415481593,0.434750552,0.248533751,0.306592675,0.69546187
Tanker 2_36,2,Tanker 2,0.319707677,0.807248492,0.788081754,0.468502495,0.593626155,0.834527274,0.055870187,Sink is getting clogged and leaking into hallway,0.726225952,0.456717455,0.403412309,0.255266526,0.862646113,0.783880996,0.073904675,0.548909007,0.956930246,0.137273814,0.163184021,0.905885143,0.110658106,0.374268449,0.898699067,0.494678497,0.813479553,0.971873909,0.636333779,0.631410345,0.077389934,0.257501014,0.433063391,0.522599437,0.992704836,0.579443583,0.837053726,0.598845354,0.55626205,0.290388982,0.605045476,Sink is getting clogged and leaking into hallway,0.229343338,0.409146926,0.552938857,0.450075,0.7812444,0.009467706,0.516715695,0.546549466,0.116866788,0.029955596,0.334724303,0.588310392,0.697253061,0.004343393,0.791629123,0.771172235,0.80381884,0.188512711,0.183154221,0.531991319,0.641383957,0.880262434,0.424143984,0.906594023,0.284929663,0.247135187,0.027239113,0.022394944,0.434397522
Tanker 2_37,2,Tanker 2,0.111201627,0.344375367,0.792307719,0.400538923,0.825037573,0.798663543,0.514021698,Request OEM for test for planned maintenance,0.905047949,0.669614375,0.793083053,0.537292422,0.982968774,0.012093891,0.270487839,0.985793843,0.450026354,0.195654007,0.941456827,0.50986983,0.019600605,0.531767643,0.62569615,0.874628087,0.638485025,0.710403873,0.791887972,0.603986283,0.162219687,0.691463669,0.34357374,0.220678806,0.751501672,0.888149477,0.857100959,0.435239322,0.634376776,0.964708351,0.723299418,Request OEM for test for planned maintenance,0.160644975,0.533226062,0.477859301,0.735112157,0.749258256,0.831882161,0.477540316,0.633002817,0.053161447,0.593862926,0.959599734,0.42727641,0.083082139,0.34729928,0.685701456,0.468375204,0.676201663,0.01296998,0.022071207,0.368302579,0.205860437,0.580641594,0.197071674,0.167686882,0.453914798,0.749507045,0.688981591,0.15179883,0.882334458
Tanker 1_38,1,Tanker 1,0.162522876,0.919743728,0.509465911,0.301475722,0.708290073,0.44182471,0.154935848,cooler valve needs to be replaced,0.53925019,0.783429859,0.558105056,0.41081444,0.991256507,0.791798587,0.225410832,0.092863701,0.832879217,0.992123811,0.85116333,0.373831411,0.078753714,0.078996919,0.140467065,0.979479424,0.932353368,0.344189592,0.947951866,0.078149047,0.050111201,0.922925972,0.027161899,0.941677645,0.555700135,0.180440845,0.053178087,0.174509936,0.888896013,0.909689638,0.281374675,cooler valve needs to be replaced,0.256443575,0.813687827,0.625607157,0.550875151,0.659224797,0.844037731,0.651133506,0.588508758,0.824789988,0.769302847,0.196567934,0.055426274,0.261297958,0.023610237,0.711827661,0.485295576,0.772223927,0.94368111,0.543325628,0.048904718,0.276614741,0.826633494,0.485980834,0.64262264,0.834793991,0.396429447,0.127229228,0.758653215,0.901690259
Tanker 1_39,1,Tanker 1,0.671382458,0.141855847,0.452451121,0.331246219,0.25910193,0.714581284,0.143422737,tank is leaking. Fixed via welding.,0.091850667,0.417247121,0.866593737,0.098955875,0.198884091,0.992742614,0.459212721,0.680351639,0.430205193,0.062934426,0.70805815,0.123931266,0.755972241,0.139811677,0.154371493,0.088776255,0.557312216,0.867164688,0.181676178,0.987570822,0.611945598,0.378510275,0.888660389,0.851051579,0.136182033,0.973434512,0.170978281,0.704943709,0.481711937,0.269226486,0.553373637,tank is leaking. Fixed via welding.,0.200082342,0.514510495,0.034691973,0.65624148,0.108336184,0.811767326,0.197477975,0.399323546,0.427882985,0.440926097,0.815733494,0.322255456,0.795086932,0.216292677,0.392592676,0.126668837,0.72776925,0.415951103,0.325523583,0.67429343,0.681939013,0.289283639,0.723611898,0.23387282,0.266417582,0.529438816,0.74274505,0.2057067,0.138104374
Tanker 2_40,2,Tanker 2,0.269220174,0.63436379,0.25590718,0.540901194,0.022318499,0.160462144,0.953269178,NDT of oil tank found issues to be repaired at next port,0.70256929,0.447342199,0.230486632,0.25002955,0.686653806,0.534125924,0.077845886,0.659897005,0.234686149,0.26363847,0.521077318,0.878568812,0.655258701,0.115162913,0.063621491,0.460560868,0.927404772,0.553735796,0.541669789,0.861870795,0.41455758,0.095021328,0.770096696,0.810131404,0.429986957,0.374202653,0.923069232,0.862692821,0.886798548,0.02874478,0.888125035,NDT of oil tank found issues to be repaired at next port,0.664298427,0.998976247,0.414304562,0.780919374,0.819867676,0.647642174,0.009168597,0.971446266,0.29819893,0.679093824,0.992012707,0.36113986,0.74536722,0.448667953,0.63088592,0.315196829,0.172788214,0.904775284,0.482141877,0.674087384,0.743217567,0.969874089,0.679281326,0.2071682,0.673749415,0.708445998,0.783058433,0.037958575,0.369201647
Tanker 1_41,1,Tanker 1,0.521547731,0.230742957,0.237416427,0.308237303,0.783342343,0.618161937,0.50901959,impeller replaced,0.218536077,0.172918075,0.911459007,0.874352624,0.582825013,0.053870684,0.436765063,0.7884841,0.057588987,0.030405203,0.936713542,0.999449544,0.265681566,0.422747301,0.861985259,0.256412821,0.059698235,0.349226539,0.499007034,0.628434293,0.634292388,0.428171764,0.856911939,0.334138628,0.10836259,0.50063153,0.974454014,0.959754456,0.638847244,0.088192171,0.217553253,impeller replaced,0.021064169,0.708440955,0.876687201,0.648491069,0.592632351,0.466432064,0.92725282,0.210652638,0.405317434,0.168167703,0.501014612,0.715042955,0.983708923,0.052294947,0.857520082,0.776182814,0.609954645,0.515059015,0.143509378,0.64398147,0.251613433,0.547176391,0.490968997,0.483416782,0.881719527,0.412616363,0.757791351,0.126856111,0.672159742
Tanker 1_42,1,Tanker 1,0.674137095,0.734259143,0.057353331,0.122760764,0.638487831,0.103458173,0.547390773,found out starter is broken during planned maintenance,0.829820797,0.323441832,0.080520332,0.383976911,0.009766098,0.153528975,0.120743734,0.600776207,0.779378096,0.971448453,0.582130406,0.534209588,0.938798176,0.581220441,0.729734835,0.515487381,0.126561952,0.908695679,0.177671788,0.25854163,0.254857351,0.15542177,0.578624896,0.089963583,0.47391061,0.350619928,0.473225501,0.753390693,0.748308844,0.474086323,0.894700395,found out starter is broken during planned maintenance,0.786424558,0.376009169,0.944429346,0.749265854,0.213628719,0.54016877,0.473008764,0.851129729,0.270158812,0.035593384,0.228214692,0.114362268,0.410752339,0.92560298,0.108179516,0.075689234,0.824314899,0.581199072,0.754125577,0.4122025,0.053330214,0.617763205,0.382761062,0.995260491,0.033874239,0.422707705,0.860734634,0.248050987,0.068530299
Tanker 1_43,1,Tanker 1,0.199790342,0.406370779,0.432988435,0.096659411,0.241988776,0.618048122,0.264355166,filter change in engine,0.390963318,0.946307028,0.339661076,0.771311726,0.077180264,0.175972428,0.843803524,0.108338085,0.776672041,0.307903238,0.95781124,0.838186292,0.468660813,0.89134709,0.289637997,0.019654571,0.861188261,0.705026933,0.447163397,0.726306647,0.952174252,0.944653388,0.377378813,0.05825647,0.402789512,0.505588989,0.635181944,0.479567948,0.220366364,0.42028668,0.640612394,filter change in engine,0.773040607,0.606372162,0.373039221,0.02107922,0.086955938,0.583388496,0.129547051,0.728036754,0.868861537,0.786931867,0.674899277,0.397197219,0.25127401,0.95969862,0.056741216,0.979176809,0.965747151,0.337333038,0.85614644,0.72751866,0.046041431,0.57480849,0.176727151,0.160523667,0.680511091,0.285644572,0.08501423,0.175407777,0.204721391
Tanker 2_44,2,Tanker 2,0.319336253,0.38254907,0.380095684,0.861481358,0.745336257,0.387960526,0.260814065,ramp annual maintenance,0.355885688,0.569045631,0.944471601,0.55590043,0.333247403,0.314717762,0.747758749,0.079409877,0.355622857,0.101428071,0.193370962,0.341857839,0.797236317,0.420416618,0.171528262,0.821152346,0.629833216,0.975395756,0.5190022,0.593987109,0.946720789,0.150255813,0.853712922,0.26856877,0.574815864,0.132739821,0.853014918,0.455564887,0.143266708,0.583500909,0.82624896,ramp annual maintenance,0.314674496,0.984438904,0.504608215,0.887204314,0.15951774,0.783954842,0.442419048,0.569732145,0.529244161,0.560882842,0.559605159,0.346345891,0.307721558,0.219483362,0.244748488,0.21343216,0.436121749,0.161478438,0.61278559,0.607519452,0.997777966,0.566872672,0.593400115,0.077067564,0.962884789,0.017412258,0.505437909,0.411634218,0.681020892
Tanker 2_45,2,Tanker 2,0.840976644,0.161220886,0.577842313,0.022539415,0.126938959,0.695744012,0.503285125,reverse osmosis desalinator broke during annual maintenance test.,0.521058207,0.891799276,0.327256219,0.88059333,0.12217075,0.790597877,0.207548056,0.469838564,0.068756414,0.672864109,0.902298325,0.243669877,0.379895973,0.885879943,0.979950528,0.53607075,0.087172052,0.917747532,0.272623177,0.925308688,0.609402194,0.901294138,0.217053039,0.612702775,0.336643721,0.018826475,0.986614558,0.513706697,0.85925062,0.740740594,0.942632786,reverse osmosis desalinator broke during annual maintenance test.,0.495189849,0.773483698,0.764493826,0.36679085,0.597401933,0.638523851,0.157017243,0.926021533,0.491474022,0.582177315,0.897250327,0.182355314,0.343447162,0.523614298,0.503126625,0.626410332,0.780556079,0.223106092,0.855642699,0.37100174,0.797638771,0.406662893,0.949273986,0.208484182,0.976217309,0.24731969,0.100322311,0.423189898,0.560774808
Tanker 1_46,1,Tanker 1,0.486025678,0.16483465,0.842389602,0.507257456,0.914459315,0.381396834,0.603812514,fire sprinklers not triggered. Have to replce the broken part.,0.149068812,0.849416295,0.044759427,0.452864528,0.712840068,0.805164608,0.68661833,0.647885842,0.173311205,0.983612458,0.368555308,0.897547818,0.496364202,0.191903408,0.540956438,0.725658171,0.41702724,0.882816825,0.887021439,0.946500431,0.048809545,0.284506153,0.708315215,0.772140775,0.541583232,0.027801511,0.849981588,0.244523802,0.749263554,0.767369245,0.663190479,fire sprinklers not triggered. Have to replce the broken part.,0.944115495,0.96656069,0.546676236,0.807531357,0.922121312,0.901524349,0.446696188,0.024300819,0.625178916,0.078032,0.533323429,0.936505473,0.352350405,0.745175763,0.854809848,0.804642323,0.199716682,0.423901888,0.255709408,0.663899247,0.443816601,0.67262423,0.853262756,0.013829738,0.932754898,0.151910306,0.564523888,0.350892075,0.781661318
Tanker 1_47,1,Tanker 1,0.802661516,0.272781219,0.651422587,0.632855422,0.969553672,0.894868247,0.873521967,install exhaust fans,0.207686999,0.160004499,0.453061689,0.088725869,0.488454691,0.620229498,0.222748586,0.547382944,0.754338118,0.20498973,0.051106083,0.074848855,0.331687653,0.387036431,0.077837352,0.026443504,0.097944337,0.327036013,0.718308371,0.386505335,0.844030753,0.753751105,0.331707329,0.388215877,0.285025851,0.135458171,0.578787149,0.774307228,0.636828173,0.745837268,0.013544327,install exhaust fans,0.840210931,0.244926256,0.730968231,0.75245313,0.339884701,0.653454505,0.57623562,0.346781195,0.636884937,0.608726797,0.046527391,0.985495939,0.532133797,0.609513858,0.63125032,0.7713806,0.000622572,0.431306727,0.989297934,0.099611257,0.339257002,0.917590244,0.376972561,0.802473216,0.969947182,0.524626306,0.445768275,0.12038031,0.741354143
Tanker 2_48,2,Tanker 2,0.793709188,0.650182018,0.726396924,0.967446453,0.806483307,0.119313883,0.357274725,calibrate tools ,0.617806012,0.964747804,0.504353855,0.955246484,0.528877601,0.84875632,0.145847554,0.884190124,0.740600556,0.2051641,0.429842579,0.859938345,0.649374607,0.45764974,0.699560953,0.707032228,0.58363035,0.738335751,0.822420613,0.334928492,0.406324557,0.083198398,0.343973435,0.204413135,0.712889985,0.367581087,0.73142859,0.453454185,0.392587502,0.628166353,0.438803878,calibrate tools ,0.56698967,0.264088494,0.635891666,0.953569573,0.138203143,0.035021508,0.596757423,0.381142588,0.594003308,0.559944174,0.717672059,0.6144074,0.445788738,0.037461731,0.70378252,0.111168093,0.388832838,0.57471301,0.26404889,0.549401539,0.592653432,0.730137439,0.328295189,0.291204162,0.757744041,0.55386663,0.735775503,0.66357755,0.331602398
Tanker 2_49,2,Tanker 2,0.404878596,0.701941298,0.884064771,0.404626824,0.437953353,0.981360937,0.488570021,purifier overhaul - was replaced completely,0.883983248,0.946890055,0.32803793,0.949679082,0.606823301,0.103194142,0.922110402,0.062730148,0.401260655,0.60574754,0.496490059,0.198555544,0.08421687,0.576277016,0.750119594,0.219791735,0.327247998,0.307750958,0.112248282,0.522415066,0.13935661,0.260063861,0.88330787,0.887173379,0.101125176,0.298923655,0.940395603,0.536707624,0.076921277,0.87029081,0.688670602,purifier overhaul - was replaced completely,0.181171089,0.978170992,0.284733732,0.379239986,0.089394997,0.935503164,0.787346089,0.09299522,0.974560708,0.909945519,0.156968043,0.456508755,0.957563939,0.551716253,0.512459503,0.860364385,0.176089004,0.958291919,0.571057771,0.244448914,0.162599391,0.464662289,0.830574335,0.09929693,0.239855287,0.323617616,0.264816821,0.675028487,0.620863636
Tanker 2_50,2,Tanker 2,0.942882287,0.652036612,0.300090876,0.411753065,0.071917368,0.132602847,0.638848044,glass needs to be replaced,0.366369188,0.389178292,0.797390761,0.954999166,0.505231207,0.736417349,0.221579239,0.897451925,0.501445017,0.441914499,0.662381157,0.02570331,0.959066241,0.706865899,0.368916394,0.182505781,0.201633146,0.218766985,0.307632323,0.905020941,0.174944172,0.988349114,0.946286724,0.109696921,0.504570357,0.947450804,0.901744622,0.188561584,0.805088493,0.626710466,0.156477507,glass needs to be replaced,0.184567259,0.938006611,0.731363501,0.965856333,0.952102994,0.278249035,0.6709929,0.52699148,0.072380692,0.631331089,0.841274725,0.953750037,0.571667001,0.429364431,0.171523309,0.644585918,0.206063899,0.336529847,0.833216058,0.742221101,0.758511602,0.336090269,0.269761362,0.253161758,0.583432762,0.617333536,0.775188235,0.716404643,0.892422324
Tanker 2_51,2,Tanker 2,0.037871449,0.286652981,0.012651385,0.381288324,0.551787293,0.498183706,0.080278962,change filters,0.69445073,0.702192132,0.305206357,0.591336009,0.245681189,0.255491606,0.345871711,0.358109894,0.510942444,0.106450046,0.205775238,0.332908915,0.102224393,0.898997839,0.664590685,0.073834836,0.286205454,0.83764915,0.741070024,0.794617962,0.849126861,0.141559309,0.098704013,0.663274835,0.045984717,0.703094727,0.141060537,0.28549777,0.743076054,0.228009304,0.867860894,change filters,0.721086321,0.633921787,0.198797411,0.340750199,0.242925208,0.899499228,0.711908238,0.772390141,0.498353474,0.102245278,0.439064847,0.141829678,0.647393729,0.955768085,0.061498673,0.156652182,0.508211174,0.311519429,0.274116436,0.667435831,0.140695438,0.821831976,0.044990415,0.273517825,0.407308651,0.784089037,0.694943717,0.516126184,0.477333206
Tanker 1_52,1,Tanker 1,0.934419006,0.285518815,0.786411768,0.192641539,0.351762702,0.007425777,0.381533543,engine failure while in service,0.809884637,0.225474219,0.52373808,0.547141877,0.032082524,0.38651153,0.861051087,0.687669906,0.119049405,0.440754397,0.248931544,0.862716076,0.781917384,0.939015764,0.871712672,0.415048661,0.151469124,0.735220993,0.926747043,0.683839657,0.0512968,0.353408468,0.851990601,0.690377843,0.255525023,0.963066651,0.053269562,0.739596587,0.838222036,0.936090446,0.098123318,engine failure while in service,0.694983342,0.905076533,0.119243354,0.308932283,0.604773758,0.734384765,0.076097748,0.497029955,0.603937285,0.246480528,0.27172112,0.797923604,0.791984207,0.723135509,0.526910653,0.726424682,0.533904123,0.035235043,0.082231021,0.632662634,0.541536765,0.173934089,0.066209531,0.75351119,0.87241783,0.868958841,0.685722165,0.521366233,0.820234565
Tanker 2_53,2,Tanker 2,0.354661566,0.610407011,0.018601074,0.366290502,0.773614287,0.652008139,0.777045399,open and inspect void,0.962337083,0.290273755,0.324543026,0.456120287,0.4128399,0.411367895,0.359879431,0.188531086,0.200150469,0.013757416,0.217273014,0.692732627,0.514558542,0.956178136,0.484249647,0.334545574,0.204391687,0.331124271,0.605135948,0.673001513,0.896746818,0.322115102,0.907988667,0.702157341,0.460160302,0.532803724,0.375512486,0.086192884,0.476181462,0.389238306,0.002971906,open and inspect void,0.279015483,0.286115016,0.980301351,0.139142123,0.461356743,0.093213971,0.140594674,0.303728721,0.909423133,0.867905758,0.441644304,0.144717162,0.188466049,0.266831095,0.175130554,0.134474867,0.001696757,0.3707694,0.127297192,0.359447269,0.881861124,0.688529829,0.787516028,0.273860904,0.013001922,0.948208442,0.56001674,0.564002612,0.311372068
Tanker 2_54,2,Tanker 2,0.820406426,0.482837741,0.465143672,0.14726257,0.52981286,0.116814736,0.674658472,valve stuck in closed position. Can wait until reach next port,0.978996911,0.374163914,0.027879773,0.306698294,0.621859667,0.215382311,0.229396334,0.370500699,0.34165369,0.530405413,0.335857747,0.870734561,0.98928069,0.440096527,0.574996363,0.850921582,0.92891652,0.662967569,0.034139506,0.387152024,0.366319975,0.1440435,0.442466871,0.832804002,0.070489379,0.467842773,0.758786399,0.503782078,0.524064772,0.686768035,0.323714378,valve stuck in closed position. Can wait until reach next port,0.79023457,0.869051371,0.009520504,0.877167769,0.706741081,0.248897092,0.478311401,0.58855538,0.928453795,0.54319142,0.727554242,0.997783076,0.470070532,0.147708133,0.742335075,0.254180225,0.3831645,0.087316138,0.001593803,0.432424441,0.86312549,0.869044184,0.881322338,0.775788555,0.594802069,0.616402973,0.995159101,0.610559563,0.67877137
Tanker 1_55,1,Tanker 1,0.190934456,0.770530117,0.416732507,0.082590298,0.592231688,0.279012218,0.131709375,alarm triggers not working,0.193797941,0.397360119,0.931857758,0.755421587,0.39871639,0.035460015,0.973347832,0.753717065,0.473584213,0.724261855,0.953862543,0.765260438,0.242307754,0.09943796,0.324300151,0.251287387,0.789403341,0.559958649,0.865671426,0.714086623,0.019971299,0.9936519,0.540603686,0.501133247,0.064196128,0.392457354,0.691220838,0.260521461,0.194430938,0.562958704,0.998522384,alarm triggers not working,0.566784875,0.6257773,0.508004091,0.773160908,0.30162518,0.702188444,0.386518436,0.853455538,0.642290024,0.508956962,0.496870078,0.535693416,0.419956702,0.960815912,0.786306601,0.379640135,0.506054313,0.870411965,0.46022181,0.041809026,0.228497536,0.695732976,0.803498099,0.413831019,0.478067547,0.306512458,0.841538311,0.971333025,0.823596566
Tanker 2_56,1,Tanker 2,0.312337564,0.898613618,0.006071412,0.233711685,0.530268781,0.874582543,0.902245484,change primary lamp,0.019168925,0.74050611,0.404308156,0.726530656,0.494490959,0.965970603,0.643849798,0.8116828,0.191725406,0.091472014,0.471025818,0.094533844,0.263199255,0.105001984,0.955773844,0.448117051,0.512572701,0.98113431,0.494138883,0.534048866,0.920039817,0.637498768,0.724328989,0.788773592,0.422576906,0.566696289,0.482605045,0.154581877,0.442843633,0.570455138,0.533518201,change primary lamp,0.704076285,0.474070164,0.401159673,0.642863098,0.013084647,0.247982447,0.770803991,0.503200981,0.081235462,0.530886224,0.392513333,0.956868614,0.989338546,0.260145047,0.446131064,0.774125456,0.53300014,0.495871209,0.855149473,0.288763132,0.335873716,0.234349074,0.01593435,0.641424629,0.972143215,0.233413471,0.367100121,0.579420475,0.29173722
Tanker 2_57,1,Tanker 2,0.733659782,0.960827187,0.298740465,0.144201707,0.283500486,0.445378277,0.8040648,accom ladder winch fail,0.413346302,0.312331036,0.948130634,0.551556542,0.648649071,0.301098161,0.741251547,0.849627916,0.226320088,0.317280984,0.226129897,0.13499246,0.57794422,0.66980486,0.465312193,0.47895331,0.488702212,0.055635062,0.833335909,0.125751763,0.419585964,0.522919132,0.288676883,0.197673104,0.79854589,0.229066519,0.338900605,0.827607057,0.132648527,0.883413834,0.664866237,accom ladder winch fail,0.625909861,0.480259117,0.273404371,0.110185141,0.485788202,0.838383987,0.784245247,0.904372765,0.497941255,0.071234848,0.204354274,0.313729285,0.018241134,0.299868981,0.380658373,0.380901193,0.924366027,0.637292042,0.351876929,0.917735734,0.713642217,0.618976718,0.325690468,0.341725503,0.704661497,0.059464815,0.573682641,0.38564109,0.8479231
Tanker 2_58,2,Tanker 2,0.070619417,0.540903109,0.027723973,0.493131073,0.41580857,0.464767317,0.371680688,capacity controller replacement during routine overhaul,0.908317988,0.740607306,0.345727287,0.439514644,0.89865297,0.653733482,0.759091255,0.22944755,0.765936003,0.732013555,0.271219786,0.35796971,0.486020487,0.256272803,0.549972802,0.797360004,0.926974725,0.053922025,0.740264658,0.885063775,0.425870257,0.981752091,0.693983125,0.694942632,0.222090467,0.615934311,0.331566453,0.430042744,0.212916275,0.565475183,0.203637307,capacity controller replacement during routine overhaul,0.594587795,0.191337498,0.810094363,0.122269227,0.045588267,0.107538328,0.180897811,0.309676672,0.495662936,0.355037338,0.942500064,0.843129226,0.272752127,0.1918478,0.769778613,0.164329876,0.393363199,0.392951355,0.871164786,0.141279589,0.613228366,0.70582156,0.048112751,0.527818234,0.611508848,0.341780705,0.934996416,0.654228516,0.525039309
Tanker 2_59,2,Tanker 2,0.407544971,0.943187972,0.411920561,0.21078688,0.13907206,0.129026062,0.085646485,engine valve clean,0.134011028,0.700256474,0.523372892,0.253471774,0.050131031,0.847158871,0.994620682,0.219855924,0.236607301,0.230868081,0.703383926,0.959331045,0.038492562,0.245072514,0.173298889,0.126439075,0.556276708,0.621252063,0.313840733,0.820509085,0.118485026,0.169870716,0.10528058,0.81989006,0.846093948,0.676884861,0.764683509,0.761619175,0.059464722,0.516766116,0.492075195,engine valve clean,0.609199435,0.876629418,0.638148165,0.117613404,0.747311726,0.218821119,0.661090732,0.878141204,0.489134772,0.096688796,0.286505347,0.03240512,0.53063778,0.011460213,0.689773632,0.407383756,0.339976651,0.971501138,0.716655942,0.55436763,0.378243148,0.274741004,0.982458796,0.539211845,0.82839505,0.617474807,0.864940634,0.627291983,0.168078393
Tanker 2_60,2,Tanker 2,0.712405277,0.231985585,0.677487467,0.587173464,0.220944944,0.032191106,0.281098871,maintenance on hose required,0.481188211,0.174202253,0.241161383,0.694811885,0.48437571,0.392036814,0.693370257,0.965099252,0.666717784,0.215973476,0.120535075,0.019379294,0.764283178,0.226312812,0.828083338,0.005206362,0.006303494,0.471914792,0.097144485,0.210545997,0.464121673,0.094222102,0.570226867,0.743426554,0.892818694,0.93182396,0.581486033,0.076035923,0.06943952,0.809226595,0.624138493,maintenance on hose required,0.375362297,0.221120749,0.138357395,0.649542746,0.134921584,0.370740292,0.901363838,0.737644394,0.351769601,0.818919965,0.774815986,0.054482727,0.665892277,0.542211407,0.295133811,0.835766394,0.470061018,0.30754369,0.42835131,0.804826331,0.250938542,0.212229283,0.539014968,0.783421869,0.985449141,0.720299661,0.271299406,0.02624115,0.513764796
Tanker 2_61,1,Tanker 2,0.493106622,0.895374168,0.203560378,0.978392129,0.075171079,0.847851404,0.679416236,bridge light out needs maintenance,0.6925466,0.250379063,0.207905927,0.685953153,0.895477197,0.552289156,0.082280455,0.123059369,0.812644291,0.802631258,0.638635821,0.663936629,0.190043494,0.993319706,0.36638397,0.43407606,0.698515909,0.38522779,0.491152352,0.669949573,0.511963725,0.836891996,0.672763374,0.179537037,0.966218007,0.353879692,0.135276323,0.332159318,0.429197535,0.525353159,0.86424839,bridge light out needs maintenance,0.85836147,0.395813137,0.112967447,0.316385191,0.601550741,0.917021775,0.417001278,0.810358722,0.97195353,0.892587083,0.13053207,0.5231878,0.416122884,0.731843585,0.132124027,0.27842833,0.272495292,0.05567343,0.587374531,0.661881229,0.503014179,0.358620869,0.434323621,0.391727063,0.846672659,0.213866224,0.717672001,0.76114822,0.517406666
Tanker 2_62,2,Tanker 2,0.490251519,0.718857844,0.279919812,0.492885673,0.418841927,0.469732164,0.858466923,gangway old,0.853513439,0.39715044,0.17429747,0.44197227,0.013572698,0.610997221,0.588446766,0.483918001,0.558827936,0.967746863,0.574073221,0.984535535,0.32291211,0.848871801,0.989521855,0.945106376,0.484638955,0.433838274,0.346349548,0.642258144,0.402863812,0.327851759,0.374861193,0.642497081,0.271802866,0.046289033,0.117493755,0.784129338,0.480801925,0.682262958,0.075716031,gangway old,0.396471866,0.844352399,0.946114596,0.929675293,0.867184377,0.995080904,0.017792245,0.532269682,0.80103118,0.46968497,0.672575202,0.286315734,0.996593952,0.044013723,0.691834625,0.676090334,0.894717299,0.462858681,0.495933469,0.831771545,0.204473442,0.194276817,0.374955235,0.779778776,0.302471787,0.085865497,0.759850314,0.793785265,0.608860106
Tanker 2_63,2,Tanker 2,0.777324334,0.109162629,0.164344323,0.331362587,0.537907355,0.847392394,0.902136,pump room weld,0.048444276,0.640517309,0.408383811,0.779206885,0.237213679,0.741295396,0.643871447,0.501734515,0.999035756,0.261115893,0.386933927,0.076048857,0.34319731,0.222203649,0.201982288,0.545778995,0.482624577,0.64868259,0.333874807,0.934169535,0.575171712,0.622200211,0.694778763,0.097588255,0.866447457,0.286353038,0.966016224,0.755858647,0.403095222,0.939095085,0.69862715,pump room weld,0.753912243,0.144365232,0.833727711,0.676051739,0.944537937,0.397551222,0.62492045,0.629464993,0.596840317,0.657739197,0.503086879,0.54142852,0.514525799,0.458087136,0.575332092,0.412078855,0.415285449,0.800076261,0.031897548,0.522748481,0.624329079,0.46608931,0.181299068,0.978391494,0.162228941,0.248367248,0.152575545,0.656586128,0.647435021
Tanker 2_64,2,Tanker 2,0.085244093,0.656280676,0.663751068,0.281128477,0.691268957,0.227493723,0.241790147,NDT on the ramps,0.145731446,0.864271173,0.217053516,0.404900968,0.43392988,0.656680656,0.384078043,0.613434363,0.794954115,0.878767463,0.177884757,0.281300418,0.90370129,0.67993326,0.239871991,0.306846693,0.335871022,0.879962016,0.363527553,0.713290134,0.630454224,0.425886316,0.818475579,0.299439866,0.033695429,0.046848428,0.733300074,0.948124805,0.564449686,0.931700343,0.544076991,NDT on the ramps,0.464537603,0.271136159,0.541452455,0.152231452,0.715566637,0.614481943,0.012830789,0.957920167,0.162560445,0.23254227,0.921269667,0.435137705,0.814821071,0.04835641,0.99889337,0.819245341,0.728173146,0.797097844,0.426322931,0.411019379,0.215990068,0.74108553,0.120085133,0.11072202,0.83760632,0.738353483,0.195140388,0.395493971,0.630600425
Tanker 2_65,1,Tanker 2,0.124608013,0.523510277,0.105636705,0.144803433,0.263059012,0.306488599,0.499595726,sensor for pump not working,0.503834415,0.930288889,0.571802628,0.811770807,0.168309275,0.239068744,0.288719925,0.973659158,0.4384302,0.1218629,0.149777432,0.242195715,0.349696546,0.991811068,0.046699285,0.826516562,0.618250469,0.260271346,0.121873615,0.728530922,0.938957227,0.640829697,0.195514479,0.404553532,0.81046827,0.010884845,0.136549978,0.649723346,0.225447724,0.221292274,0.576393884,sensor for pump not working,0.301563224,0.195476775,0.833749999,0.554414125,0.38656502,0.23071859,0.172904269,0.839255788,0.631641896,0.60187214,0.287791739,0.57503043,0.241046246,0.777127245,0.328281029,0.072920663,0.714093042,0.864860542,0.891503855,0.910714529,0.413458074,0.227545612,0.683129871,0.996849975,0.496161233,0.466692082,0.197247358,0.682688321,0.609773152
Tanker 2_66,2,Tanker 2,0.903768198,0.35162693,0.704543285,0.529008312,0.654647323,0.087333229,0.109448316,SW tank DT needs maintenance,0.787827624,0.583811098,0.373675816,0.893991881,0.736703089,0.4368727,0.340232023,0.646161663,0.235400545,0.161999233,0.580899437,0.033907382,0.400075811,0.243491929,0.037348631,0.666735743,0.485947423,0.447099276,0.784382134,0.285161556,0.962482011,0.137893616,0.582264662,0.567891835,0.242056091,0.438536858,0.982324331,0.592143901,0.803688357,0.30671532,0.269724387,SW tank DT needs maintenance,0.114840641,0.536501095,0.312528539,0.708947886,0.975719283,0.345573484,0.180650449,0.026611925,0.939246499,0.740734435,0.098529319,0.508968443,0.711189306,0.483220142,0.963563717,0.545401688,0.82741512,0.07419683,0.297784145,0.896586888,0.146061851,0.297123143,0.744666203,0.204342819,0.989254459,0.838371092,0.197327387,0.8822248,0.199316655
Tanker 2_67,2,Tanker 2,0.272491502,0.630194478,0.54409083,0.309106845,0.038969758,0.845842166,0.441544409,Request OEM for hoses test for planned maintenance,0.979902181,0.439414685,0.518308719,0.376601477,0.642530664,0.672624355,0.308224336,0.021318433,0.33677317,0.580820554,0.900284061,0.030059401,0.835784555,0.2525106,0.58654749,0.162441786,0.323859274,0.080448977,0.135428544,0.382608314,0.907980471,0.35751401,0.148232172,0.680785971,0.859691559,0.204163764,0.828145664,0.606795154,0.349385469,0.324406128,0.089330187,Request OEM for hoses test for planned maintenance,0.834637142,0.396658432,0.174805654,0.530096616,0.373472679,0.511501396,0.384707604,0.675049284,0.788438618,0.467882876,0.180928546,0.064216544,0.050775195,0.822467014,0.080775226,0.50274424,0.380541523,0.034631643,0.062823803,0.040361594,0.519139216,0.107965531,0.277019967,0.374020993,0.686943656,0.206363638,0.720068779,0.457373109,0.745359472
Tanker 2_68,1,Tanker 2,0.225136542,0.71757121,0.730288538,0.743013165,0.157847835,0.20297912,0.101405904,replace the fan,0.423603097,0.123437331,0.835970389,0.230618996,0.833927465,0.778997799,0.412401423,0.718403801,0.535971207,0.025523986,0.253592539,0.643095937,0.618355085,0.868971638,0.375765268,0.696091292,0.417576485,0.766399758,0.05578634,0.167919482,0.01849011,0.929103794,0.615189899,0.641051436,0.883288071,0.46197308,0.579802393,0.591288712,0.690393776,0.774066508,0.285883133,replace the fan,0.825727492,0.983782169,0.965527311,0.747742788,0.583746088,0.003616508,0.873201054,0.990285636,0.112663783,0.107122948,0.963023464,0.759745278,0.217562199,0.88136515,0.455990926,0.113886915,0.236176673,0.151810553,0.854310368,0.528343881,0.851774713,0.745860113,0.568690469,0.282624575,0.014119079,0.284768476,0.386918697,0.148512499,0.552214714
Tanker 2_69,2,Tanker 2,0.217823132,0.092291035,0.534027011,0.764089307,0.333016711,0.44391835,0.312916696,annual cert of raft,0.082689291,0.29877178,0.965357713,0.53028583,0.555443235,0.182518642,0.089415759,0.031658125,0.547480131,0.170451796,0.869984529,0.04901307,0.836119975,0.915537522,0.931722321,0.777062276,0.742606946,0.123647239,0.289932101,0.77353394,0.111935521,0.835950555,0.677518346,0.797551632,0.052077951,0.574481527,0.053244367,0.299122914,0.845751549,0.523568363,0.660196251,annual cert of raft,0.717544617,0.867137294,0.598883032,0.84651927,0.714436309,0.357737933,0.827449682,0.0586657,0.92270472,0.350035917,0.45498892,0.263687454,0.988285573,0.25140755,0.41959618,0.43822824,0.872786593,0.160642893,0.662973641,0.830699433,0.663038347,0.779843139,0.338491247,0.215527036,0.520907743,0.374381287,0.128135936,0.528087807,0.705462638
Tanker 2_70,1,Tanker 2,0.380125464,0.750176891,0.069449067,0.738024931,0.8936327,0.846817954,0.213512843,fire alarms not triggered,0.259975388,0.591213956,0.862433262,0.309989112,0.300896112,0.607863834,0.531789902,0.353406195,0.490908393,0.273986208,0.286273023,0.501821858,0.42794136,0.979128128,0.426344809,0.612038661,0.156491152,0.471649238,0.303850296,0.049148234,0.581211766,0.510408174,0.068722848,0.932477691,0.042147149,0.207561544,0.509017448,0.371838197,0.829763261,0.695999861,0.663858616,fire alarms not triggered,0.576950744,0.454958405,0.780639495,0.320384997,0.843696149,0.872147498,0.665713955,0.85923668,0.683934677,0.66971038,0.444125094,0.813043805,0.750280379,0.694181096,0.740877557,0.599523026,0.92461391,0.312805366,0.649716082,0.996447068,0.201403802,0.166784874,0.824024758,0.824533757,0.52632802,0.077492774,0.238508153,0.940021291,0.981827655
Tanker 2_71,2,Tanker 2,0.030155009,0.494677045,0.864440803,0.26562898,0.917283995,0.387220934,0.92254078,annual maintenance of flanges,0.614183978,0.167694456,0.854255272,0.944788488,0.617899575,0.516971577,0.816408447,0.738842832,0.065417513,0.924246181,0.446944641,0.565812113,0.356366082,0.127896052,0.99985708,0.003515301,0.271314657,0.342479334,0.551801463,0.534465178,0.662310255,0.343422369,0.678166591,0.090739064,0.290798538,0.008158615,0.993938605,0.969657269,0.230334991,0.420339757,0.603881714,annual maintenance of flanges,0.859811098,0.587396524,0.677409064,0.072751427,0.00271318,0.403659175,0.408309228,0.50500328,0.336602662,0.277500048,0.643414844,0.807558284,0.528032723,0.058491473,0.865046821,0.213624934,0.697091734,0.554361457,0.900003989,0.148178372,0.827128715,0.657898186,0.549872722,0.966947546,0.487871522,0.927408435,0.676624788,0.060269049,0.034669743
Tanker 2_72,2,Tanker 2,0.760554461,0.106991884,0.092370664,0.569843853,0.733412214,0.373392765,0.058018737,pipe regular testing. Had to clean it out.,0.611304002,0.945297748,0.799000771,0.143544434,0.564313995,0.050054654,0.155589171,0.541675455,0.06070364,0.916817421,0.83366357,0.720421606,0.82941081,0.568361686,0.176290193,0.375586479,0.278954339,0.209983318,0.65786276,0.606765843,0.037671464,0.931671314,0.918230114,0.21718313,0.774889797,0.406133549,0.113759568,0.835417741,0.325605558,0.238160875,0.051157626,pipe regular testing. Had to clean it out.,0.543391084,0.584999093,0.51231384,0.729678631,0.744090357,0.370002606,0.565094724,0.115064825,0.754196827,0.776868214,0.308236668,0.861974627,0.687896249,0.838500188,0.068703008,0.80735549,0.488125083,0.717431929,0.669768125,0.490602034,0.023301596,0.643242018,0.574340044,0.511308946,0.561420809,0.393821209,0.585500685,0.602872501,0.900074157
Tanker 2_73,2,Tanker 2,0.005252584,0.397599626,0.565779707,0.147895393,0.418055231,0.920996882,0.292201569,vertical ladders have many cracks,0.666611178,0.649624458,0.334408173,0.672475345,0.750314759,0.201545365,0.776110294,0.190804245,0.619944576,0.952570412,0.593532516,0.312673204,0.328486869,0.68402462,0.979096209,0.616625108,0.708232909,0.881867445,0.647955063,0.582496069,0.111012237,0.534484256,0.378316775,0.246412,0.628454105,0.786357547,0.277268717,0.601759306,0.5508187,0.079775186,0.536185958,vertical ladders have many cracks,0.261528425,0.357050588,0.426276585,0.944758185,0.29541642,0.137383185,0.654481023,0.984962662,0.40712211,0.401744814,0.249836244,0.022328307,0.795545612,0.796103092,0.499806435,0.714117925,0.181189763,0.737668063,0.442102229,0.13009108,0.737757708,0.444784249,0.243546276,0.623139248,0.72755544,0.941526424,0.536789948,0.848859349,0.325524197
Tanker 2_74,2,Tanker 2,0.404376693,0.003114301,0.56846398,0.360188312,0.14291476,0.237382246,0.33653159,bulkhead has cracked.,0.036032347,0.498404553,0.324353516,0.120900334,0.416996433,0.163344524,0.18722717,0.006895887,0.351360527,0.269004033,0.417501562,0.984951325,0.239495571,0.632118821,0.557551333,0.2973548,0.673499158,0.477892467,0.044673997,0.276063475,0.052445392,0.461724735,0.665763419,0.116165466,0.694799862,0.068186134,0.65167887,0.099871327,0.657744912,0.391645235,0.63735594,bulkhead has cracked.,0.804780696,0.696167518,0.988992736,0.473823708,0.616091866,0.5150569,0.155347961,0.767206059,0.673842064,0.425000226,0.18290383,0.004214241,0.513155492,0.968584347,0.520758403,0.307201672,0.124711733,0.42428887,0.983075889,0.666356647,0.611334415,0.345777553,0.388825922,0.695709554,0.225092403,0.988439529,0.512556713,0.42142949,0.443833565
Tanker 2_75,1,Tanker 2,0.641051097,0.030706496,0.485203383,0.032243013,0.494957735,0.288363534,0.933702175,repair the water pump it is leaking,0.959517604,0.092977709,0.961226863,0.70004804,0.832609045,0.334418983,0.888379494,0.186115558,0.626716566,0.446416647,0.624301014,0.430538567,0.965376507,0.424786791,0.222394798,0.908116948,0.253878594,0.221115973,0.737845364,0.812381792,0.15423763,0.890431922,0.992819603,0.768427308,0.035478732,0.132680347,0.83986234,0.676241272,0.888584264,0.658944591,0.432023466,repair the water pump it is leaking,0.593383338,0.480100065,0.673666175,0.645156479,0.243806355,0.589673694,0.364214314,0.325225411,0.082054666,0.833173347,0.642598893,0.929156497,0.257867374,0.154826943,0.001843726,0.200768273,0.663704824,0.042755716,0.949498664,0.624979022,0.383367476,0.032420897,0.906768673,0.554787352,0.0583554,0.500558312,0.579226902,0.834015092,0.906289444
Tanker 2_76,2,Tanker 2,0.769277033,0.596689199,0.474682205,0.575920223,0.352252649,0.916979351,0.498124894,valve has buildupclean it out,0.740478809,0.654620831,0.719461373,0.40646898,0.799107183,0.079289215,0.769851639,0.644099565,0.343291235,0.853594576,0.063265549,0.925437458,0.462370948,0.653173302,0.437045781,0.863666998,0.88659825,0.663414536,0.325484344,0.138236082,0.240190722,0.309394936,0.145504647,0.177448966,0.919775639,0.949753746,0.476228311,0.253124505,0.659933813,0.242904617,0.418399788,valve has buildupclean it out,0.356993848,0.899112686,0.610986165,0.232243994,0.031479362,0.518313421,0.194427297,0.534963678,0.500565399,0.597049034,0.626718056,0.547685264,0.948647338,0.666359657,0.507181617,0.080656589,0.481335333,0.673587271,0.553195166,0.964433633,0.842361401,0.793137733,0.064259635,0.250668357,0.378212101,0.439893277,0.095017539,0.947431487,0.097062948
Tanker 2_77,1,Tanker 2,0.281261464,0.817283885,0.731223042,0.473830974,0.721954503,0.178350395,0.740902102,repair watertight door,0.308582319,0.446169634,0.035124403,0.968400798,0.659148283,0.384837339,0.127817223,0.523989225,0.631335127,0.568215925,0.739441295,0.476180106,0.203913155,0.467624745,0.664869982,0.981067302,0.694907115,0.18938893,0.514141572,0.846331755,0.15851587,0.685285186,0.183541338,0.010869381,0.149962736,0.350934009,0.396059299,0.868881121,0.37508837,0.573112017,0.14198273,repair watertight door,0.859488737,0.738329805,0.429918292,0.474674802,0.172956429,0.580350602,0.311616481,0.350025219,0.772509527,0.668360156,0.498847453,0.729965954,0.21743205,0.509328504,0.825644148,0.228062357,0.530863625,0.387027368,0.346316076,0.423994254,0.803229498,0.181981838,0.491174702,0.462706044,0.614616198,0.766669971,0.835702816,0.493003597,0.265076114
Tanker 2_78,1,Tanker 2,0.454578539,0.640714076,0.630687515,0.998051543,0.815622259,0.031727279,0.106645023,exhaust part is broken have to change it,0.210271206,0.833565417,0.956978538,0.655862765,0.535856451,0.462515018,0.545715469,0.193038938,0.347327491,0.744537925,0.004678121,0.620394495,0.378156556,0.372024324,0.342849625,0.315979427,0.096252885,0.704402555,0.010085176,0.622254666,0.587563557,0.165463082,0.12935554,0.925545114,0.778028997,0.370358289,0.534951133,0.189871785,0.803884854,0.261343182,0.311107749,exhaust part is broken have to change it,0.868607175,0.331083808,0.282599069,0.675977364,0.724485993,0.48557983,0.309613978,0.143925588,0.711239922,0.410796241,0.084736005,0.841379867,0.894208841,0.572040693,0.861895856,0.753855177,0.551720207,0.337688364,0.305104136,0.876172498,0.472714206,0.954348713,0.627046603,0.210922076,0.211507691,0.611059336,0.155406972,0.809495016,0.581598295
Tanker 2_79,1,Tanker 2,0.617855641,0.335014,0.150704928,0.25366149,0.276484611,0.765597391,0.483883312,alarms are reading out of range because of buildup in pipe,0.516523628,0.745095198,0.91269018,0.703512539,0.201960908,0.24804903,0.44968314,0.453208648,0.419842894,0.78378625,0.55254269,0.621789728,0.265040381,0.097331344,0.408174334,0.869845723,0.395310446,0.894000367,0.146456848,0.498023295,0.09500996,0.761162487,0.428826778,0.802935552,0.584941079,0.787485246,0.602762677,0.685998011,0.685430794,0.927353982,0.207055511,alarms are reading out of range because of buildup in pipe,0.085129164,0.407780029,0.993101639,0.085633784,0.448277722,0.653987426,0.592850524,0.134941963,0.111961922,0.272154475,0.976353833,0.176248881,0.497840109,0.386947903,0.105669154,0.327313689,0.614693341,0.888916561,0.822329758,0.74906726,0.735790299,0.148025475,0.853215291,0.807246045,0.309668387,0.86902124,0.559272782,0.972567008,0.873607915
Tanker 2_80,1,Tanker 2,0.087358435,0.978655952,0.216567863,0.072951931,0.699539518,0.739549571,0.076670806,fuel line leaksreplace,0.760209365,0.285780277,0.867084613,0.001207597,0.37098887,0.428059968,0.581574881,0.630801644,0.60880214,0.090169683,0.227892238,0.814628805,0.723509429,0.544381306,0.79330677,0.277523309,0.281199144,0.604700765,0.059472524,0.371579149,0.929066807,0.366186989,0.197879892,0.736518564,0.477557973,0.341471776,0.962094391,0.185628143,0.766833177,0.663344988,0.245889639,fuel line leaksreplace,0.62546911,0.337758967,0.68158247,0.51974669,0.918830597,0.421264729,0.271543187,0.066636773,0.057633648,0.260444255,0.771773082,0.020962528,0.861123177,0.597447721,0.889103533,0.400433661,0.547101196,0.25470907,0.539353594,0.779911675,0.846682589,0.513199073,0.601208479,0.398852393,0.116096555,0.755065229,0.712097891,0.365798812,0.879276642
Tanker 2_81,2,Tanker 2,0.493814843,0.801227685,0.139383884,0.957966557,0.174397108,0.424094125,0.614153247,passageway doors not closing properly,0.502614505,0.344955594,0.023530601,0.290850056,0.864242147,0.49882055,0.071512583,0.078250288,0.098226254,0.906275888,0.338097207,0.938211779,0.649779883,0.119809658,0.705051713,0.582936653,0.847340696,0.744641812,0.72888146,0.048267863,0.341158254,0.445603933,0.627017057,0.096859113,0.181956619,0.898908959,0.543404507,0.84967199,0.986450438,0.934353476,0.952259025,passageway doors not closing properly,0.521722845,0.464330855,0.459263613,0.098304619,0.22026801,0.378588937,0.949002337,0.968600792,0.306970208,0.386870837,0.781987111,0.197331086,0.674155086,0.10329026,0.357597363,0.894579329,0.698440435,0.047628824,0.487227782,0.396453361,0.149972733,0.844482451,0.470445438,0.384861726,0.531781498,0.798368432,0.920652852,0.939249076,0.261497553
Tanker 1_82,2,Tanker 1,0.419027376,0.102566058,0.339951474,0.990288307,0.776556055,0.847184405,0.24068069,crane maintenance - regular overhaul,0.977941859,0.08072252,0.697480082,0.27164947,0.957935122,0.087838189,0.881644835,0.978481202,0.478628183,0.46464736,0.39379475,0.124384573,0.959729482,0.627965718,0.596426271,0.180791682,0.148330146,0.071180046,0.364919223,0.151712466,0.169285838,0.77484043,0.954878884,0.885970098,0.819687667,0.546019291,0.232218722,0.173077028,0.095162478,0.711219427,0.395056093,crane maintenance - regular overhaul,0.898067729,0.498491779,0.266765879,0.938976677,0.198401244,0.799671545,0.245956937,0.835031315,0.018876745,0.120068501,0.988351245,0.658013061,0.709419526,0.473059124,0.178318777,0.385966257,0.802309704,0.217298508,0.954752969,0.876163222,0.560318207,0.274452762,0.962811382,0.612841373,0.976818515,0.469423785,0.30888581,0.558942187,0.939666425
Tanker 1_83,2,Tanker 1,0.059110212,0.01091352,0.185758189,0.692409356,0.98590794,0.77786274,0.960261228,gangway system is deficient. Has to be redesigned.,0.546179505,0.382742656,0.468607492,0.888942292,0.567656724,0.285951065,0.371518755,0.180654352,0.96727618,0.602541207,0.881319169,0.979244803,0.790673909,0.99470928,0.533780407,0.005567915,0.514342615,0.801862772,0.775718662,0.318480808,0.17597277,0.040060798,0.545222943,0.431477971,0.320607652,0.821971536,0.963557643,0.963233829,0.305670012,0.455929491,0.111702613,gangway system is deficient. Has to be redesigned.,0.721201332,0.032870511,0.653209388,0.383216877,0.845388514,0.48619949,0.486902263,0.315472149,0.544037287,0.915062479,0.345257095,0.118263567,0.219938627,0.436837078,0.927617618,0.688323854,0.36221788,0.981389894,0.340532935,0.356884568,0.746670897,0.72327631,0.820875498,0.529543206,0.37219148,0.399852821,0.419380834,0.508938406,0.169540804
Tanker 1_84,2,Tanker 1,0.450166805,0.079577199,0.166961244,0.583113625,0.520416037,0.754969088,0.474353463,leaking seals at 3 gal/hr,0.759679608,0.907613849,0.96893189,0.743698013,0.57802597,0.098299181,0.311292173,0.077169027,0.719152322,0.528937433,0.721521503,0.006749714,0.096105209,0.128682381,0.393384684,0.527705854,0.249524818,0.220818857,0.514085971,0.492169888,0.390391363,0.81802189,0.59441226,0.895424867,0.00606578,0.470253881,0.696549364,0.383374558,0.56646566,0.354404153,0.805865763,leaking seals at 3 gal/hr,0.345230915,0.373744646,0.414486551,0.470528357,0.535493652,0.779099189,0.91987846,0.232424746,0.928812877,0.264185685,0.26721187,0.075658789,0.39728608,0.2101772,0.473756979,0.673499332,0.489715393,0.937250158,0.987446399,0.26688839,0.339669046,0.088014301,0.738158231,0.497256419,0.874362473,0.796050074,0.437336476,0.085607332,0.639337626
Tanker 1_85,2,Tanker 1,0.260561054,0.928317739,0.875573142,0.393442417,0.48261223,0.963007803,0.695244899,periodic tunnel inspection,0.474644124,0.102017534,0.391316016,0.786666989,0.831961989,0.160403231,0.604627086,0.025099272,0.658080301,0.272582652,0.171286411,0.925384904,0.748536368,0.460001496,0.546733533,0.34299657,0.609052911,0.777076391,0.463039815,0.918510953,0.415138684,0.199215526,0.239311688,0.64688586,0.575504941,0.060485526,0.43928957,0.08674624,0.86003763,0.620393104,0.731907644,periodic tunnel inspection,0.185479449,0.570502409,0.594614086,0.548623784,0.831739739,0.87486017,0.85885889,0.968093225,0.563386265,0.956267218,0.747461499,0.292806124,0.424481159,0.428527839,0.603005614,0.608763444,0.362709994,0.758223815,0.41470295,0.081813493,0.304804022,0.438418921,0.824205638,0.408022594,0.911054993,0.09198968,0.876522389,0.642631874,0.955182683
Tanker 2_86,1,Tanker 2,0.123969337,0.155620703,0.672036178,0.000903663,0.955331624,0.221875392,0.961979709,corrosion found in engine nutsreplace the nuts.,0.705527041,0.778394698,0.056895983,0.359436511,0.799437701,0.316090756,0.279833334,0.634208567,0.523548228,0.442095808,0.459595497,0.060157615,0.928755199,0.091871136,0.6389749,0.758783755,0.47497198,0.397748429,0.383630908,0.26856166,0.054582776,0.643952878,0.213557617,0.200372304,0.632488901,0.969146783,0.827731856,0.040730913,0.400561795,0.866274097,0.996736707,corrosion found in engine nutsreplace the nuts.,0.112756111,0.988310602,0.365224587,0.298224615,0.479393809,0.694100063,0.905290813,0.667965991,0.039987655,0.455378963,0.866625735,0.803210856,0.706204548,0.67617486,0.448073267,0.097960341,0.865831135,0.388366928,0.664025279,0.199868613,0.432577642,0.505542723,0.509595713,0.931398106,0.279042385,0.633208077,0.422908901,0.141051589,0.928294868
Tanker 1_87,2,Tanker 1,0.927650418,0.234806849,0.640832785,0.672200336,0.852232447,0.174365476,0.301106021,equipment room light bulb out,0.036743693,0.774437164,0.71619484,0.711615342,0.885242345,0.341457836,0.115297264,0.33654979,0.253884206,0.560245654,0.535717205,0.341649799,0.964441236,0.048269009,0.561191717,0.939925094,0.85513625,0.371053235,0.916160858,0.836300085,0.648401912,0.688659504,0.585279139,0.543753558,0.934186933,0.358317506,0.906656432,0.161629402,0.391105021,0.017469505,0.663151155,equipment room light bulb out,0.236447479,0.595748045,0.323987251,0.23530639,0.891310078,0.819982583,0.55887291,0.876628039,0.503346308,0.694420395,0.708314218,0.85833777,0.038222685,0.139965124,0.563069892,0.378348082,0.373180296,0.846854015,0.14108365,0.620371166,0.6985116,0.695853705,0.376581949,0.720782868,0.255625728,0.960580967,0.732660509,0.997651284,0.018951406
Tanker 2_88,1,Tanker 2,0.327629925,0.391712654,0.058222743,0.629697759,0.606041078,0.24737487,0.177577699,SW tank is leaking rapidly. Temporary repair.,0.225989154,0.411794413,0.108817479,0.7225871,0.464508075,0.006005658,0.613754928,0.477055695,0.177948941,0.252245373,0.62640421,0.21737201,0.734651354,0.892904805,0.757626214,0.863671707,0.79697658,0.359538568,0.117378534,0.877256998,0.125110034,0.930712882,0.927973573,0.738393528,0.945231118,0.334804329,0.196140257,0.543354953,0.605053438,0.1931094,0.328262392,SW tank is leaking rapidly. Temporary repair.,0.277536807,0.063281984,0.769769951,0.691224482,0.913960992,0.642187382,0.773571411,0.725243866,0.030279269,0.157764631,0.647501759,0.277281085,0.256461601,0.769484497,0.995574092,0.377196274,0.48523603,0.732334679,0.168608446,0.633503799,0.827821337,0.732472225,0.109714106,0.151707275,0.502725945,0.884540456,0.521262467,0.407400582,0.378395584
Tanker 1_89,1,Tanker 1,0.164959611,0.522588328,0.201337972,0.298212148,0.279221551,0.952078974,0.355306804,controller tripping continuously,0.267717117,0.379839551,0.367275453,0.832335498,0.511617318,0.948966717,0.493453649,0.319477852,0.289660297,0.286851267,0.42150085,0.671488972,0.82955726,0.192702429,0.05428756,0.045532421,0.141955062,0.141197598,0.222780855,0.611957891,0.745209722,0.353668762,0.87208234,0.163893627,0.393113926,0.076284939,0.605640812,0.843298884,0.488987507,0.517329054,0.584538228,controller tripping continuously,0.202125359,0.292695735,0.503235192,0.620666004,0.536551149,0.320343452,0.430981968,0.57603787,0.787945893,0.427674028,0.905622343,0.762184686,0.069886007,0.954701761,0.447390019,0.950454811,0.80008154,0.595248236,0.835854083,0.785430257,0.119930666,0.752139126,0.336051523,0.998393209,0.808125942,0.822726412,0.011900502,0.516920975,0.35677968
Tanker 1_90,1,Tanker 1,0.316585628,0.181553821,0.934093975,0.113020269,0.734775124,0.510385458,0.262003503,cooling water pump must be repaired,0.926871637,0.581075367,0.445258218,0.268770493,0.439608427,0.933240465,0.758560119,0.662788898,0.702489892,0.06479264,0.61203315,0.039093008,0.49675177,0.955770473,0.770497563,0.147519299,0.979030418,0.760715543,0.280613483,0.672320674,0.887847308,0.492324385,0.908813151,0.570772025,0.288061063,0.062616107,0.991076012,0.096187684,0.005083681,0.531644083,0.184935096,cooling water pump must be repaired,0.740467428,0.397333051,0.828846898,0.045510314,0.595147595,0.237524019,0.55314394,0.6659926,0.884478624,0.553523806,0.307592901,0.637474848,0.048789252,0.46305889,0.362220685,0.080102234,0.081968486,0.872619189,0.894833652,0.038572132,0.906620567,0.35062859,0.320857455,0.52873789,0.443431725,0.116506486,0.247267045,0.596096382,0.31912901
Tanker 1_91,2,Tanker 1,0.332604841,0.956617218,0.693535124,0.516543235,0.528300425,0.571242808,0.511634864,gasket has to be replaced,0.239776466,0.382553433,0.095467036,0.255178033,0.922576441,0.890503565,0.443675692,0.978117064,0.386483784,0.741230798,0.664463546,0.334731758,0.465270719,0.060818297,0.007234091,0.404963294,0.618542322,0.701987478,0.101236562,0.230415426,0.261479688,0.115681534,0.304051427,0.844533283,0.258276731,0.955136194,0.082544102,0.578862248,0.08108157,0.580766596,0.498535156,gasket has to be replaced,0.241303567,0.612007927,0.379731806,0.689354965,0.220950618,0.454153293,0.200559709,0.058076692,0.130771593,0.911144004,0.21275591,0.5548375,0.628120088,0.903670044,0.216938628,0.360871355,0.098087463,0.462049512,0.260145668,0.700275756,0.970250145,0.328083388,0.944222375,0.581996628,0.620492479,0.553614501,0.332574906,0.513253955,0.945850904
Tanker 1_92,2,Tanker 1,0.358701622,0.482288424,0.409868904,0.654927947,0.570517097,0.904529828,0.524010042,smoke detector regular maintenance,0.428313913,0.273881855,0.442321852,0.975981784,0.234604296,0.640756592,0.433737713,0.101443731,0.350458895,0.19178534,0.131135988,0.548991855,0.244316834,0.940887785,0.035566708,0.223100059,0.521304386,0.855879981,0.18776467,0.993460916,0.589898166,0.008017514,0.517432907,0.370735567,0.756374196,0.443481775,0.994107024,0.444868343,0.591417648,0.641502709,0.540179412,smoke detector regular maintenance,0.385394463,0.268639742,0.523780938,0.133315142,0.415404723,0.621594366,0.198107359,0.749642035,0.302041042,0.815808266,0.861769942,0.706798208,0.607721067,0.280719765,0.111796001,0.708216959,0.735703481,0.953105923,0.581636932,0.519349388,0.290296918,0.771920297,0.403771933,0.516966104,0.692763848,0.010393368,0.92311012,0.458153792,0.165737606
Tanker 1_93,2,Tanker 1,0.592727313,0.768256167,0.408805341,0.494313767,0.107913631,0.990117993,0.555814009,winch hoses are deteriorating,0.279738647,0.643902347,0.756131584,0.027373985,0.006061354,0.930629206,0.19275471,0.484884916,0.098765405,0.738384992,0.799829623,0.98637869,0.559322496,0.525279383,0.725273414,0.19731194,0.24147228,0.049086043,0.928480399,0.517697114,0.629997907,0.316852465,0.968196366,0.042106554,0.92075334,0.910912846,0.272180296,0.657534154,0.016114734,0.351732042,0.867479652,winch hoses are deteriorating,0.175711968,0.283174266,0.608688071,0.603729554,0.337313711,0.440675023,0.287966564,0.268277742,0.116603941,0.881458361,0.391707256,0.721771171,0.486328586,0.341591874,0.615083665,0.48650437,0.82453586,0.64062204,0.876756352,0.38033368,0.181214873,0.057856698,0.630719817,0.664883771,0.048987037,0.66669363,0.648741027,0.528402433,0.606383448
Tanker 1_94,1,Tanker 1,0.605443737,0.907561292,0.812724321,0.252955189,0.606116589,0.877767126,0.105940506,flange replacement,0.992602307,0.879371458,0.043244305,0.139371356,0.244179639,0.682341685,0.433364053,0.794818481,0.457441088,0.261485827,0.739301248,0.195749659,0.100900772,0.849512116,0.809032065,0.583313284,0.998567392,0.695774243,0.858853215,0.740412904,0.026675737,0.966912792,0.154634171,0.945735523,0.621879334,0.530473742,0.502539862,0.538115746,0.889891954,0.265726519,0.060145574,flange replacement,0.987091751,0.683643778,0.248295106,0.233647845,0.778911865,0.120358902,0.503357464,0.427231039,0.09349821,0.088846398,0.269730545,0.626979832,0.482031074,0.829934692,0.588455581,0.557467394,0.078564804,0.737244193,0.330960836,0.543977256,0.555887886,0.920775394,0.378904229,0.494406145,0.870240425,0.774097313,0.43610533,0.510385985,0.304563364
Tanker 1_95,1,Tanker 1,0.860071955,0.974713425,0.321698186,0.635619569,0.5491986,0.058324195,0.931964883,engine valve leaking into surrounding areas. Temporary fix.,0.529977906,0.519942782,0.771629895,0.061090755,0.422000039,0.620423416,0.428645095,0.554303922,0.088837422,0.690743454,0.800514066,0.340368162,0.833235193,0.09258413,0.317120138,0.958035065,0.357334257,0.018492437,0.790418569,0.65524229,0.56940519,0.5214062,0.644628682,0.7211647,0.722017637,0.059929107,0.305291448,0.02439726,0.268231105,0.267105064,0.31613286,engine valve leaking into surrounding areas. Temporary fix.,0.55193024,0.36567051,0.515784543,0.150517573,0.845592772,0.189859953,0.543270636,0.718784073,0.990385901,0.824400341,0.421099879,0.184545761,0.023609665,0.209490706,0.990422808,0.85581491,0.496581642,0.830350358,0.345766572,0.954310702,0.215262766,0.787562816,0.62339914,0.084818454,0.277829313,0.116582739,0.29906705,0.557875905,0.625644771
Tanker 1_96,2,Tanker 1,0.353807829,0.401089095,0.011403434,0.800873548,0.009278657,0.171476192,0.388275792,Request an NDT for weld behind accom ladder,0.553180651,0.378489598,0.580084201,0.620839315,0.917387369,0.856212094,0.926002514,0.876300097,0.919549686,0.755031016,0.827226598,0.350629304,0.007423243,0.899637256,0.790868014,0.096172383,0.518803232,0.182441796,0.374035229,0.941532351,0.1354601,0.014592154,0.807872656,0.871063119,0.455379004,0.94764236,0.362182729,0.973015769,0.564975487,0.308057132,0.908086833,Request an NDT for weld behind accom ladder,0.595113204,0.492170386,0.667401627,0.428868068,0.454417649,0.432211358,0.990215743,0.126413447,0.638827352,0.397977634,0.183412166,0.424443431,0.248418985,0.95006555,0.116529958,0.283492667,0.590587134,0.006494644,0.090952165,0.431811164,0.32462961,0.83288788,0.047242635,0.156710173,0.585471624,0.585469632,0.379222151,0.988077283,0.167920378
Tanker 1_97,2,Tanker 1,0.726649809,0.049029,0.854418259,0.276257755,0.766327541,0.782713937,0.088839388,showerhead is not working,0.253837959,0.443829476,0.45853603,0.431052733,0.931762076,0.147243497,0.200732434,0.148122866,0.7213639,0.073696759,0.881495932,0.543521421,0.408329564,0.229805274,0.260820569,0.890923611,0.648573587,0.300156632,0.572458541,0.387052114,0.527879461,0.908001298,0.103790557,0.326590066,0.135259921,0.946721151,0.47449467,0.923591024,0.15845791,0.334228297,0.498800727,showerhead is not working,0.57509348,0.742181238,0.313596564,0.914840574,0.340239529,0.407869401,0.486245259,0.451596728,0.874771374,0.44744241,0.568410373,0.790732561,0.314903706,0.354217389,0.853243778,0.247188183,0.978810356,0.659170607,0.499139997,0.406089174,0.501728602,0.785289027,0.585066906,0.191050408,0.048547078,0.19810621,0.747144115,0.493198676,0.901241844
Tanker 1_98,2,Tanker 1,0.78993588,0.800964761,0.302883271,0.139163519,0.089822957,0.26233473,0.072540954,sumps must be flushed and refilled,0.808344516,0.5119736,0.383248215,0.567346595,0.606885104,0.175591656,0.723862388,0.304720853,0.456170681,0.973389497,0.946702907,0.204964769,0.42008651,0.450950426,0.703018658,0.088317161,0.144680506,0.122580124,0.64703838,0.816640153,0.969765794,0.948083783,0.785656302,0.779702743,0.175455652,0.594130576,0.337050501,0.871996059,0.160429898,0.410891754,0.539001247,sumps must be flushed and refilled,0.91909827,0.397889601,0.184749207,0.443772924,0.874758078,0.894771846,0.231280599,0.692582013,0.208891612,0.104160516,0.662806746,0.473447777,0.343072276,0.314771606,0.81913163,0.203411154,0.294770482,0.21580802,0.626749994,0.509160161,0.243255449,0.97934128,0.783801077,0.643004011,0.724077599,0.313684073,0.084981065,0.101190691,0.343525759
Tanker 1_99,1,Tanker 1,0.515074618,0.6499493,0.563560069,0.032873322,0.906899512,0.374351985,0.378979965,change out filter element,0.032159129,0.947374144,0.767318746,0.848715502,0.263489623,0.231373746,0.031988177,0.306319637,0.017603344,0.992137521,0.949284277,0.909189497,0.361906138,0.48336755,0.321869997,0.815825402,0.221126058,0.208194391,0.731136389,0.812140941,0.005768896,0.686024713,0.812395998,0.040017882,0.039280836,0.043658982,0.213850804,0.003002652,0.520821775,0.301967171,0.683335084,change out filter element,0.883099718,0.184588381,0.005412875,0.265194681,0.319058905,0.719274889,0.701028113,0.759343708,0.939231189,0.65264509,0.836747153,0.280268826,0.594996756,0.906573842,0.150093596,0.673987923,0.519600005,0.331451603,0.428576595,0.871785247,0.745347617,0.697802678,0.75655166,0.854651173,0.195260395,0.908441944,0.176584303,0.390831832,0.130724612
Tanker 1_100,2,Tanker 1,0.713615016,0.922713811,0.107398043,0.346824109,0.489980832,0.544474469,0.286772308,piping penetration inspection,0.291126266,0.436709164,0.9878098,0.067984998,0.83345219,0.667939235,0.591539232,0.762350444,0.813856739,0.173100339,0.579596723,0.451072689,0.188587917,0.914683909,0.851372774,0.183320051,0.214276247,0.222200665,0.619441382,0.30480498,0.712659181,0.551716176,0.919375502,0.759858134,0.044268966,0.580995538,0.997661063,0.646480078,0.505318287,0.140067067,0.201949051,piping penetration inspection,0.861353279,0.853920195,0.476346859,0.65418129,0.695944783,0.818346022,0.371011098,0.757309754,0.555549893,0.38286596,0.777344829,0.983334169,0.711251628,0.909937579,0.279329533,0.561335479,0.303770551,0.260159864,0.272819742,0.606896416,0.739643058,0.208648127,0.37838858,0.409778378,0.955705088,0.837817331,0.633202078,0.528138498,0.404753293
Tanker 1_90,0,Tanker 1,0.316585628,0.181553821,0.934093975,0.113020269,0.734775124,0.510385458,0.262003503,shower clogged,0.926871637,0.581075367,0.445258218,0.268770493,0.439608427,0.933240465,0.758560119,0.662788898,0.702489892,0.06479264,0.61203315,0.039093008,0.49675177,0.955770473,0.770497563,0.147519299,0.979030418,0.760715543,0.280613483,0.672320674,0.887847308,0.492324385,0.908813151,0.570772025,0.288061063,0.062616107,0.991076012,0.096187684,0.005083681,0.531644083,0.184935096,cooling water pump must be repaired,0.740467428,0.397333051,0.828846898,0.045510314,0.595147595,0.237524019,0.55314394,0.6659926,0.884478624,0.553523806,0.307592901,0.637474848,0.048789252,0.46305889,0.362220685,0.080102234,0.081968486,0.872619189,0.894833652,0.038572132,0.906620567,0.35062859,0.320857455,0.52873789,0.443431725,0.116506486,0.247267045,0.596096382,0.31912901
Tanker 1_91,0,Tanker 1,0.332604841,0.956617218,0.693535124,0.516543235,0.528300425,0.571242808,0.511634864,coffee pot broken,0.239776466,0.382553433,0.095467036,0.255178033,0.922576441,0.890503565,0.443675692,0.978117064,0.386483784,0.741230798,0.664463546,0.334731758,0.465270719,0.060818297,0.007234091,0.404963294,0.618542322,0.701987478,0.101236562,0.230415426,0.261479688,0.115681534,0.304051427,0.844533283,0.258276731,0.955136194,0.082544102,0.578862248,0.08108157,0.580766596,0.498535156,gasket has to be replaced,0.241303567,0.612007927,0.379731806,0.689354965,0.220950618,0.454153293,0.200559709,0.058076692,0.130771593,0.911144004,0.21275591,0.5548375,0.628120088,0.903670044,0.216938628,0.360871355,0.098087463,0.462049512,0.260145668,0.700275756,0.970250145,0.328083388,0.944222375,0.581996628,0.620492479,0.553614501,0.332574906,0.513253955,0.945850904
Tanker 1_92,0,Tanker 1,0.358701622,0.482288424,0.409868904,0.654927947,0.570517097,0.904529828,0.524010042,smoke detector regular maintenance,0.428313913,0.273881855,0.442321852,0.975981784,0.234604296,0.640756592,0.433737713,0.101443731,0.350458895,0.19178534,0.131135988,0.548991855,0.244316834,0.940887785,0.035566708,0.223100059,0.521304386,0.855879981,0.18776467,0.993460916,0.589898166,0.008017514,0.517432907,0.370735567,0.756374196,0.443481775,0.994107024,0.444868343,0.591417648,0.641502709,0.540179412,smoke detector regular maintenance,0.385394463,0.268639742,0.523780938,0.133315142,0.415404723,0.621594366,0.198107359,0.749642035,0.302041042,0.815808266,0.861769942,0.706798208,0.607721067,0.280719765,0.111796001,0.708216959,0.735703481,0.953105923,0.581636932,0.519349388,0.290296918,0.771920297,0.403771933,0.516966104,0.692763848,0.010393368,0.92311012,0.458153792,0.165737606
Tanker 1_93,0,Tanker 1,0.592727313,0.768256167,0.408805341,0.494313767,0.107913631,0.990117993,0.555814009,winch hoses are deteriorating,0.279738647,0.643902347,0.756131584,0.027373985,0.006061354,0.930629206,0.19275471,0.484884916,0.098765405,0.738384992,0.799829623,0.98637869,0.559322496,0.525279383,0.725273414,0.19731194,0.24147228,0.049086043,0.928480399,0.517697114,0.629997907,0.316852465,0.968196366,0.042106554,0.92075334,0.910912846,0.272180296,0.657534154,0.016114734,0.351732042,0.867479652,winch hoses are deteriorating,0.175711968,0.283174266,0.608688071,0.603729554,0.337313711,0.440675023,0.287966564,0.268277742,0.116603941,0.881458361,0.391707256,0.721771171,0.486328586,0.341591874,0.615083665,0.48650437,0.82453586,0.64062204,0.876756352,0.38033368,0.181214873,0.057856698,0.630719817,0.664883771,0.048987037,0.66669363,0.648741027,0.528402433,0.606383448
Tanker 1_94,0,Tanker 1,0.605443737,0.907561292,0.812724321,0.252955189,0.606116589,0.877767126,0.105940506,flange replacement,0.992602307,0.879371458,0.043244305,0.139371356,0.244179639,0.682341685,0.433364053,0.794818481,0.457441088,0.261485827,0.739301248,0.195749659,0.100900772,0.849512116,0.809032065,0.583313284,0.998567392,0.695774243,0.858853215,0.740412904,0.026675737,0.966912792,0.154634171,0.945735523,0.621879334,0.530473742,0.502539862,0.538115746,0.889891954,0.265726519,0.060145574,flange replacement,0.987091751,0.683643778,0.248295106,0.233647845,0.778911865,0.120358902,0.503357464,0.427231039,0.09349821,0.088846398,0.269730545,0.626979832,0.482031074,0.829934692,0.588455581,0.557467394,0.078564804,0.737244193,0.330960836,0.543977256,0.555887886,0.920775394,0.378904229,0.494406145,0.870240425,0.774097313,0.43610533,0.510385985,0.304563364
Tanker 1_95,0,Tanker 1,0.860071955,0.974713425,0.321698186,0.635619569,0.5491986,0.058324195,0.931964883,engine valve leaking into surrounding areas. Temporary fix.,0.529977906,0.519942782,0.771629895,0.061090755,0.422000039,0.620423416,0.428645095,0.554303922,0.088837422,0.690743454,0.800514066,0.340368162,0.833235193,0.09258413,0.317120138,0.958035065,0.357334257,0.018492437,0.790418569,0.65524229,0.56940519,0.5214062,0.644628682,0.7211647,0.722017637,0.059929107,0.305291448,0.02439726,0.268231105,0.267105064,0.31613286,engine valve leaking into surrounding areas. Temporary fix.,0.55193024,0.36567051,0.515784543,0.150517573,0.845592772,0.189859953,0.543270636,0.718784073,0.990385901,0.824400341,0.421099879,0.184545761,0.023609665,0.209490706,0.990422808,0.85581491,0.496581642,0.830350358,0.345766572,0.954310702,0.215262766,0.787562816,0.62339914,0.084818454,0.277829313,0.116582739,0.29906705,0.557875905,0.625644771
Tanker 1_96,0,Tanker 1,0.353807829,0.401089095,0.011403434,0.800873548,0.009278657,0.171476192,0.388275792,Request an NDT for weld behind accom ladder,0.553180651,0.378489598,0.580084201,0.620839315,0.917387369,0.856212094,0.926002514,0.876300097,0.919549686,0.755031016,0.827226598,0.350629304,0.007423243,0.899637256,0.790868014,0.096172383,0.518803232,0.182441796,0.374035229,0.941532351,0.1354601,0.014592154,0.807872656,0.871063119,0.455379004,0.94764236,0.362182729,0.973015769,0.564975487,0.308057132,0.908086833,Request an NDT for weld behind accom ladder,0.595113204,0.492170386,0.667401627,0.428868068,0.454417649,0.432211358,0.990215743,0.126413447,0.638827352,0.397977634,0.183412166,0.424443431,0.248418985,0.95006555,0.116529958,0.283492667,0.590587134,0.006494644,0.090952165,0.431811164,0.32462961,0.83288788,0.047242635,0.156710173,0.585471624,0.585469632,0.379222151,0.988077283,0.167920378
Tanker 1_97,0,Tanker 1,0.726649809,0.049029,0.854418259,0.276257755,0.766327541,0.782713937,0.088839388,showerhead is not working,0.253837959,0.443829476,0.45853603,0.431052733,0.931762076,0.147243497,0.200732434,0.148122866,0.7213639,0.073696759,0.881495932,0.543521421,0.408329564,0.229805274,0.260820569,0.890923611,0.648573587,0.300156632,0.572458541,0.387052114,0.527879461,0.908001298,0.103790557,0.326590066,0.135259921,0.946721151,0.47449467,0.923591024,0.15845791,0.334228297,0.498800727,showerhead is not working,0.57509348,0.742181238,0.313596564,0.914840574,0.340239529,0.407869401,0.486245259,0.451596728,0.874771374,0.44744241,0.568410373,0.790732561,0.314903706,0.354217389,0.853243778,0.247188183,0.978810356,0.659170607,0.499139997,0.406089174,0.501728602,0.785289027,0.585066906,0.191050408,0.048547078,0.19810621,0.747144115,0.493198676,0.901241844
Tanker 1_98,0,Tanker 1,0.78993588,0.800964761,0.302883271,0.139163519,0.089822957,0.26233473,0.072540954,sumps must be flushed and refilled,0.808344516,0.5119736,0.383248215,0.567346595,0.606885104,0.175591656,0.723862388,0.304720853,0.456170681,0.973389497,0.946702907,0.204964769,0.42008651,0.450950426,0.703018658,0.088317161,0.144680506,0.122580124,0.64703838,0.816640153,0.969765794,0.948083783,0.785656302,0.779702743,0.175455652,0.594130576,0.337050501,0.871996059,0.160429898,0.410891754,0.539001247,sumps must be flushed and refilled,0.91909827,0.397889601,0.184749207,0.443772924,0.874758078,0.894771846,0.231280599,0.692582013,0.208891612,0.104160516,0.662806746,0.473447777,0.343072276,0.314771606,0.81913163,0.203411154,0.294770482,0.21580802,0.626749994,0.509160161,0.243255449,0.97934128,0.783801077,0.643004011,0.724077599,0.313684073,0.084981065,0.101190691,0.343525759
Tanker 1_99,0,Tanker 1,0.515074618,0.6499493,0.563560069,0.032873322,0.906899512,0.374351985,0.378979965,change out filter element,0.032159129,0.947374144,0.767318746,0.848715502,0.263489623,0.231373746,0.031988177,0.306319637,0.017603344,0.992137521,0.949284277,0.909189497,0.361906138,0.48336755,0.321869997,0.815825402,0.221126058,0.208194391,0.731136389,0.812140941,0.005768896,0.686024713,0.812395998,0.040017882,0.039280836,0.043658982,0.213850804,0.003002652,0.520821775,0.301967171,0.683335084,change out filter element,0.883099718,0.184588381,0.005412875,0.265194681,0.319058905,0.719274889,0.701028113,0.759343708,0.939231189,0.65264509,0.836747153,0.280268826,0.594996756,0.906573842,0.150093596,0.673987923,0.519600005,0.331451603,0.428576595,0.871785247,0.745347617,0.697802678,0.75655166,0.854651173,0.195260395,0.908441944,0.176584303,0.390831832,0.130724612
Tanker 1_100,0,Tanker 1,0.713615016,0.922713811,0.107398043,0.346824109,0.489980832,0.544474469,0.286772308,piping penetration inspection,0.291126266,0.436709164,0.9878098,0.067984998,0.83345219,0.667939235,0.591539232,0.762350444,0.813856739,0.173100339,0.579596723,0.451072689,0.188587917,0.914683909,0.851372774,0.183320051,0.214276247,0.222200665,0.619441382,0.30480498,0.712659181,0.551716176,0.919375502,0.759858134,0.044268966,0.580995538,0.997661063,0.646480078,0.505318287,0.140067067,0.201949051,piping penetration inspection,0.861353279,0.853920195,0.476346859,0.65418129,0.695944783,0.818346022,0.371011098,0.757309754,0.555549893,0.38286596,0.777344829,0.983334169,0.711251628,0.909937579,0.279329533,0.561335479,0.303770551,0.260159864,0.272819742,0.606896416,0.739643058,0.208648127,0.37838858,0.409778378,0.955705088,0.837817331,0.633202078,0.528138498,0.404753293
